district_id,district,region,ecological_zone,spatial_unit,incidence,parasitemia,itn_coverage,water_access,sanitation,u5mr,mort_rate,pop_density,high_burden,bv_lisa_quadrant,gi_z_score,gi_classification,xgb_risk_score,xgb_risk_tier,data_source_incidence,data_source_parasitemia,data_source_itn,data_source_wash,data_source_u5mr,analysis_year,version,latitude,longitude
1,ADENTA MUNICIPAL,GREATER ACCRA,Coastal/Urban,261-district (Ghana 2018 administrative),70.4,9.269349096108662,59.1817289209696,98.15428323709185,76.50580934220622,51.888475938402216,16.865902698317477,309.87797253329654,0,2,-2.867536654695214,Coldspot 99%,0.0007333333333333334,Very Low,WHO GHO / DHIMS2 2018-2022,Ghana DHS 2014 (spatially disaggregated),Ghana DHS 2014 (spatially disaggregated),Ghana DHS 2014 / JMP,Ghana DHS 2014 / Census 2021,2022,v1.1 | May 2026 (Guan added),5.7042433,-0.1690967
2,LEDZOKUKU MUNICIPAL,GREATER ACCRA,Coastal/Urban,261-district (Ghana 2018 administrative),59.9,13.456036440131843,48.862483461659124,88.28874365841375,78.19892971595712,27.12497080786262,7.032708761108334,127.02572110324019,0,2,-3.074407896100583,Coldspot 99%,0.0,Very Low,WHO GHO / DHIMS2 2018-2022,Ghana DHS 2014 (spatially disaggregated),Ghana DHS 2014 (spatially disaggregated),Ghana DHS 2014 / JMP,Ghana DHS 2014 / Census 2021,2022,v1.1 | May 2026 (Guan added),5.6050983,-0.114493361214251
3,CHEREPONI,NORTHERN EAST,Guinea/Sudan Savannah,261-district (Ghana 2018 administrative),246.5,56.78727045387467,21.051662787458234,56.07265735600214,51.19949048008002,130.56261161502792,49.753754678234564,4.2915020096390535,1,0,2.948649226757437,Hotspot 99%,0.7275328970952655,High,WHO GHO / DHIMS2 2018-2022,Ghana DHS 2014 (spatially disaggregated),Ghana DHS 2014 (spatially disaggregated),Ghana DHS 2014 / JMP,Ghana DHS 2014 / Census 2021,2022,v1.1 | May 2026 (Guan added),10.1792653999999,0.207987165887793
4,WA EAST,UPPER WEST,Guinea/Sudan Savannah,261-district (Ghana 2018 administrative),258.7,63.80462146727514,15.621552377384408,55.62721694650445,28.316494781644234,139.61693155605906,47.12310404305771,674.2415905780647,1,4,3.158122622142747,Hotspot 99%,0.6282287337399446,High,WHO GHO / DHIMS2 2018-2022,Ghana DHS 2014 (spatially disaggregated),Ghana DHS 2014 (spatially disaggregated),Ghana DHS 2014 / JMP,Ghana DHS 2014 / Census 2021,2022,v1.1 | May 2026 (Guan added),10.06069,-2.50192
5,WA MUNICIPAL,UPPER WEST,Guinea/Sudan Savannah,261-district (Ghana 2018 administrative),274.6,57.4648652922368,27.563629642642773,46.01892820013581,30.70075778593313,114.09701613628387,44.36782597382654,196.06719211403848,1,4,3.3649938635481162,Hotspot 99.9%,0.6866565778982469,High,WHO GHO / DHIMS2 2018-2022,Ghana DHS 2014 (spatially disaggregated),Ghana DHS 2014 (spatially disaggregated),Ghana DHS 2014 / JMP,Ghana DHS 2014 / Census 2021,2022,v1.1 | May 2026 (Guan added),10.0623261,-2.5054273
6,SABOBA,NORTHERN,Guinea/Sudan Savannah,261-district (Ghana 2018 administrative),304.9,60.97583552214848,29.7737460532365,57.44363500209827,25.684804000322956,136.6238292922,50.96045233481991,333.0236606580628,1,4,3.817211051633707,Hotspot 99.9%,0.6551967946891472,High,WHO GHO / DHIMS2 2018-2022,Ghana DHS 2014 (spatially disaggregated),Ghana DHS 2014 (spatially disaggregated),Ghana DHS 2014 / JMP,Ghana DHS 2014 / Census 2021,2022,v1.1 | May 2026 (Guan added),9.70870525,0.196098328672698
7,JIRAPA,UPPER WEST,Guinea/Sudan Savannah,261-district (Ghana 2018 administrative),285.3,49.2152986276013,30.3188234210093,54.06412151879213,27.34790975569328,159.81082107386263,51.85041231215603,270.06872818382334,1,4,3.53413387224433,Hotspot 99.9%,0.7769578898708257,Very High,WHO GHO / DHIMS2 2018-2022,Ghana DHS 2014 (spatially disaggregated),Ghana DHS 2014 (spatially disaggregated),Ghana DHS 2014 / JMP,Ghana DHS 2014 / Census 2021,2022,v1.1 | May 2026 (Guan added),10.5366328,-2.7008646
8,GUSHEGU,NORTHERN,Guinea/Sudan Savannah,261-district (Ghana 2018 administrative),262.3,60.90718181772708,30.360998691614554,63.87426332324573,35.21361157268466,139.4742988743245,46.52126827321871,79.91492111811726,0,4,3.2815390680485566,Hotspot 99%,0.3276342388080492,Moderate,WHO GHO / DHIMS2 2018-2022,Ghana DHS 2014 (spatially disaggregated),Ghana DHS 2014 (spatially disaggregated),Ghana DHS 2014 / JMP,Ghana DHS 2014 / Census 2021,2022,v1.1 | May 2026 (Guan added),9.9185016,-0.2164706
9,SISSALA WEST,UPPER WEST,Guinea/Sudan Savannah,261-district (Ghana 2018 administrative),299.4,69.84249681938128,23.76462593085678,62.08322511407712,33.79576265027984,144.47296198516867,49.45877662548235,495.49080240700687,1,4,3.734127992416996,Hotspot 99.9%,0.5910920889885795,High,WHO GHO / DHIMS2 2018-2022,Ghana DHS 2014 (spatially disaggregated),Ghana DHS 2014 (spatially disaggregated),Ghana DHS 2014 / JMP,Ghana DHS 2014 / Census 2021,2022,v1.1 | May 2026 (Guan added),10.7467085,-2.29346951572635
10,NANUMBA NORTH,NORTHERN,Guinea/Sudan Savannah,261-district (Ghana 2018 administrative),284.0,71.06160806769103,8.399499165593975,60.50634028427255,37.62032062093639,128.99746186539605,51.45215724764129,-29.632721190725913,1,4,3.4289325041981145,Hotspot 99.9%,0.528206027748879,High,WHO GHO / DHIMS2 2018-2022,Ghana DHS 2014 (spatially disaggregated),Ghana DHS 2014 (spatially disaggregated),Ghana DHS 2014 / JMP,Ghana DHS 2014 / Census 2021,2022,v1.1 | May 2026 (Guan added),8.92200959999999,-0.138644700894755
11,LAMBUSSIE-KARNI,UPPER WEST,Guinea/Sudan Savannah,261-district (Ghana 2018 administrative),268.4,62.8518607118221,37.263121354445545,49.88001057084033,26.47108367191081,137.30400754418218,51.31869401959056,146.38654869004648,1,4,3.314251860939252,Hotspot 99.9%,0.6597312950090296,High,WHO GHO / DHIMS2 2018-2022,Ghana DHS 2014 (spatially disaggregated),Ghana DHS 2014 (spatially disaggregated),Ghana DHS 2014 / JMP,Ghana DHS 2014 / Census 2021,2022,v1.1 | May 2026 (Guan added),10.442601377272728,-2.5245542561064784
12,BOLGATANGA MUNICIPAL,UPPER EAST,Guinea/Sudan Savannah,261-district (Ghana 2018 administrative),182.9,25.054222928170443,56.37225128371875,68.80218186370485,33.512887566760085,128.63041765248835,34.90306287398481,89.12599795281278,0,1,1.0193379187720566,Not Significant,0.3649679302228604,Moderate,WHO GHO / DHIMS2 2018-2022,Ghana DHS 2014 (spatially disaggregated),Ghana DHS 2014 (spatially disaggregated),Ghana DHS 2014 / JMP,Ghana DHS 2014 / Census 2021,2022,v1.1 | May 2026 (Guan added),10.7853963,-0.8487322
13,NANUMBA SOUTH,NORTHERN,Guinea/Sudan Savannah,261-district (Ghana 2018 administrative),293.0,60.068563448164596,24.43884712118422,58.5881759775366,28.419616317620914,138.9847935801594,50.49073540273439,19.5396460314781,0,4,3.241763285783732,Hotspot 99%,0.378551086529746,Moderate,WHO GHO / DHIMS2 2018-2022,Ghana DHS 2014 (spatially disaggregated),Ghana DHS 2014 (spatially disaggregated),Ghana DHS 2014 / JMP,Ghana DHS 2014 / Census 2021,2022,v1.1 | May 2026 (Guan added),8.76637935,0.0549741822848612
14,WENCHI MUNICIPAL,BONO,Transitional Forest-Savannah,261-district (Ghana 2018 administrative),171.9,43.83267405563189,53.012648955001964,69.27355727184103,49.51506183092738,102.5819553382768,25.21912215484217,127.97238932974523,1,0,0.23367328497107398,Not Significant,0.7519015557486675,Very High,WHO GHO / DHIMS2 2018-2022,Ghana DHS 2014 (spatially disaggregated),Ghana DHS 2014 (spatially disaggregated),Ghana DHS 2014 / JMP,Ghana DHS 2014 / Census 2021,2022,v1.1 | May 2026 (Guan added),7.80281055,-2.08141333112632
15,BONGO,UPPER EAST,Guinea/Sudan Savannah,261-district (Ghana 2018 administrative),196.4,34.71276572622352,48.764696672199875,61.264037368144116,40.452673390636576,116.78144958915821,37.31225104570593,316.1066201752421,1,1,1.1224947372626044,Not Significant,0.6313988004687873,High,WHO GHO / DHIMS2 2018-2022,Ghana DHS 2014 (spatially disaggregated),Ghana DHS 2014 (spatially disaggregated),Ghana DHS 2014 / JMP,Ghana DHS 2014 / Census 2021,2022,v1.1 | May 2026 (Guan added),10.9166838999999,-0.805767855895511
16,TANO SOUTH MUNICIPAL,AHAFO,Transitional Forest-Savannah,261-district (Ghana 2018 administrative),175.3,34.659211584253505,46.4761681029085,61.087796361192275,50.75044661045348,135.22281095810933,27.14741131590772,93.11204354052852,1,0,-0.31742575435230297,Not Significant,0.5233259424414952,High,WHO GHO / DHIMS2 2018-2022,Ghana DHS 2014 (spatially disaggregated),Ghana DHS 2014 (spatially disaggregated),Ghana DHS 2014 / JMP,Ghana DHS 2014 / Census 2021,2022,v1.1 | May 2026 (Guan added),7.16093674999999,-1.99681708617696
17,KASENA NANKANA WEST,UPPER EAST,Guinea/Sudan Savannah,261-district (Ghana 2018 administrative),197.3,22.536864513694148,39.87578954498417,59.15701972347981,35.99057643506414,139.85734640390717,32.46018378109742,460.86764307199206,0,0,1.4211848405316332,Not Significant,0.3910671014657608,Moderate,WHO GHO / DHIMS2 2018-2022,Ghana DHS 2014 (spatially disaggregated),Ghana DHS 2014 (spatially disaggregated),Ghana DHS 2014 / JMP,Ghana DHS 2014 / Census 2021,2022,v1.1 | May 2026 (Guan added),10.895598,-1.30768
18,WA WEST,UPPER WEST,Guinea/Sudan Savannah,261-district (Ghana 2018 administrative),251.5,61.49608045306903,32.41749513926073,45.90050876376106,32.54511009730312,170.01699870074745,43.57788080532009,238.05603146867128,1,4,3.064445078864845,Hotspot 99%,0.7225336416297388,High,WHO GHO / DHIMS2 2018-2022,Ghana DHS 2014 (spatially disaggregated),Ghana DHS 2014 (spatially disaggregated),Ghana DHS 2014 / JMP,Ghana DHS 2014 / Census 2021,2022,v1.1 | May 2026 (Guan added),9.8985772,-2.6832633
19,SUNYANI MUNICIPAL,BONO,Transitional Forest-Savannah,261-district (Ghana 2018 administrative),180.0,44.814652986094124,25.30311212864774,59.65755483382038,49.57442802119572,111.6369728177698,32.909868683451236,198.2695893712279,1,0,0.2799544521857532,Not Significant,0.8793685757393729,Very High,WHO GHO / DHIMS2 2018-2022,Ghana DHS 2014 (spatially disaggregated),Ghana DHS 2014 (spatially disaggregated),Ghana DHS 2014 / JMP,Ghana DHS 2014 / Census 2021,2022,v1.1 | May 2026 (Guan added),7.3384389,-2.3309226
20,SAWLA-TUNA-KALBA,SAVANNAH,Guinea/Sudan Savannah,261-district (Ghana 2018 administrative),248.4,59.20663833474063,34.15898946484658,53.364313512695254,44.09288702689472,144.5476900644604,45.66079679280124,254.66572834205513,1,4,3.0874927284014713,Hotspot 99%,0.7539300028093915,Very High,WHO GHO / DHIMS2 2018-2022,Ghana DHS 2014 (spatially disaggregated),Ghana DHS 2014 (spatially disaggregated),Ghana DHS 2014 / JMP,Ghana DHS 2014 / Census 2021,2022,v1.1 | May 2026 (Guan added),8.994241864285714,-1.258015843847888
21,ASANTE AKIM SOUTH,ASHANTI,Coastal/Urban,261-district (Ghana 2018 administrative),108.3,26.212512263062123,54.11956663646398,72.24268768172298,70.05660388411458,89.30547388026315,24.286816219945035,583.3568674771667,0,0,-1.3815208640070527,Not Significant,0.23569700390628795,Very Low,WHO GHO / DHIMS2 2018-2022,Ghana DHS 2014 (spatially disaggregated),Ghana DHS 2014 (spatially disaggregated),Ghana DHS 2014 / JMP,Ghana DHS 2014 / Census 2021,2022,v1.1 | May 2026 (Guan added),6.46141735,-1.11533920112058
22,SISSALA EAST,UPPER WEST,Guinea/Sudan Savannah,261-district (Ghana 2018 administrative),267.6,59.813175888888,15.458192325683317,50.99212346168905,28.786717455123238,154.3750182321229,50.27687388756484,226.1248751318039,1,0,2.8157535056389853,Hotspot 99%,0.6610521279792224,High,WHO GHO / DHIMS2 2018-2022,Ghana DHS 2014 (spatially disaggregated),Ghana DHS 2014 (spatially disaggregated),Ghana DHS 2014 / JMP,Ghana DHS 2014 / Census 2021,2022,v1.1 | May 2026 (Guan added),10.59705475,-1.85050542952138
23,ADA EAST,GREATER ACCRA,Coastal/Urban,261-district (Ghana 2018 administrative),65.1,22.81837045652468,52.4657320200139,96.78785773726335,84.64959729705843,51.3958904403925,8.842381071803135,191.8560984913277,0,0,-1.3344962242266765,Not Significant,0.0010206185567010308,Very Low,WHO GHO / DHIMS2 2018-2022,Ghana DHS 2014 (spatially disaggregated),Ghana DHS 2014 (spatially disaggregated),Ghana DHS 2014 / JMP,Ghana DHS 2014 / Census 2021,2022,v1.1 | May 2026 (Guan added),5.8761016,0.549568161630084
24,SHAI OSUDOKU,GREATER ACCRA,Coastal/Urban,261-district (Ghana 2018 administrative),62.6,15.225386618337565,60.359751381017674,90.39880761286004,73.6857921029663,35.61683354981547,11.105986986472116,232.43620187642503,0,2,-2.844910912040002,Coldspot 99%,0.0,Very Low,WHO GHO / DHIMS2 2018-2022,Ghana DHS 2014 (spatially disaggregated),Ghana DHS 2014 (spatially disaggregated),Ghana DHS 2014 / JMP,Ghana DHS 2014 / Census 2021,2022,v1.1 | May 2026 (Guan added),5.653307048275861,-0.1885558633617898
25,KASENA NANKANA EAST,UPPER EAST,Guinea/Sudan Savannah,261-district (Ghana 2018 administrative),199.9,14.108134721811208,55.66804150605259,63.93551879408356,34.7043445038171,124.77346439975497,34.58575797797478,8.574084097728672,0,0,1.4024019024652021,Not Significant,0.3962675197950503,Moderate,WHO GHO / DHIMS2 2018-2022,Ghana DHS 2014 (spatially disaggregated),Ghana DHS 2014 (spatially disaggregated),Ghana DHS 2014 / JMP,Ghana DHS 2014 / Census 2021,2022,v1.1 | May 2026 (Guan added),10.895598,-1.30768
26,ADA WEST,GREATER ACCRA,Coastal/Urban,261-district (Ghana 2018 administrative),68.9,14.134984059143791,65.57969688918593,96.73551425457586,69.51425488688781,36.328932945746246,11.625534197246758,234.60532762393544,0,0,-1.8430314591638637,Not Significant,0.0007333333333333333,Very Low,WHO GHO / DHIMS2 2018-2022,Ghana DHS 2014 (spatially disaggregated),Ghana DHS 2014 (spatially disaggregated),Ghana DHS 2014 / JMP,Ghana DHS 2014 / Census 2021,2022,v1.1 | May 2026 (Guan added),5.9040093,0.420370257026968
27,BUNKPURUGU NAKPANDURI,NORTHERN EAST,Guinea/Sudan Savannah,261-district (Ghana 2018 administrative),285.0,75.33453978727928,36.940686074463045,64.97214664037952,42.66105865503002,143.5317641264415,48.23327557023115,292.9584310914531,1,0,2.7040467526429137,Hotspot 99%,0.52304562745881,High,WHO GHO / DHIMS2 2018-2022,Ghana DHS 2014 (spatially disaggregated),Ghana DHS 2014 (spatially disaggregated),Ghana DHS 2014 / JMP,Ghana DHS 2014 / Census 2021,2022,v1.1 | May 2026 (Guan added),10.632198,-0.180118
28,GARU,UPPER EAST,Guinea/Sudan Savannah,261-district (Ghana 2018 administrative),177.4,24.07333780659953,45.07304750234431,59.83974896375069,62.09509588664609,103.14339063932542,37.408882100780964,117.15532581921578,1,1,1.1215653965554824,Not Significant,0.5191380131749292,High,WHO GHO / DHIMS2 2018-2022,Ghana DHS 2014 (spatially disaggregated),Ghana DHS 2014 (spatially disaggregated),Ghana DHS 2014 / JMP,Ghana DHS 2014 / Census 2021,2022,v1.1 | May 2026 (Guan added),10.76975475,-0.21182067584702
29,NINGO/PRAMPRAM,GREATER ACCRA,Coastal/Urban,261-district (Ghana 2018 administrative),59.9,16.804127319504776,54.70425512376612,82.04277914595106,74.76652400229912,72.75801136516706,10.227907725825366,255.67683541029996,0,2,-2.88025998606094,Coldspot 99%,0.0007333333333333334,Very Low,WHO GHO / DHIMS2 2018-2022,Ghana DHS 2014 (spatially disaggregated),Ghana DHS 2014 (spatially disaggregated),Ghana DHS 2014 / JMP,Ghana DHS 2014 / Census 2021,2022,v1.1 | May 2026 (Guan added),5.653307048275861,-0.1885558633617898
30,EAST MAMPRUSI,NORTHERN EAST,Guinea/Sudan Savannah,261-district (Ghana 2018 administrative),273.1,57.28313342910531,45.9430640598331,61.12231357147715,26.308451228563417,135.86499589484472,47.45433775982192,268.42274074698696,1,0,2.923185291382293,Hotspot 99%,0.5267280808043542,High,WHO GHO / DHIMS2 2018-2022,Ghana DHS 2014 (spatially disaggregated),Ghana DHS 2014 (spatially disaggregated),Ghana DHS 2014 / JMP,Ghana DHS 2014 / Census 2021,2022,v1.1 | May 2026 (Guan added),10.45279035,-0.416678651029704
31,LA DADE-KOTOPON,GREATER ACCRA,Coastal/Urban,261-district (Ghana 2018 administrative),56.4,9.614963237507672,60.81355430817038,97.27091656774935,69.7423402580288,59.051207104891446,10.519555341776199,61.536739851863075,0,2,-3.138532404892005,Coldspot 99%,0.0022,Very Low,WHO GHO / DHIMS2 2018-2022,Ghana DHS 2014 (spatially disaggregated),Ghana DHS 2014 (spatially disaggregated),Ghana DHS 2014 / JMP,Ghana DHS 2014 / Census 2021,2022,v1.1 | May 2026 (Guan added),5.58947605,-0.156988356399583
32,BAWKU WEST,UPPER EAST,Guinea/Sudan Savannah,261-district (Ghana 2018 administrative),235.3,27.69136026023473,39.89115454654705,66.52884875460576,57.73933832211164,140.69447175495844,29.711332244118815,160.33163077489283,0,1,1.6905077774556032,Not Significant,0.2980748597943511,Moderate,WHO GHO / DHIMS2 2018-2022,Ghana DHS 2014 (spatially disaggregated),Ghana DHS 2014 (spatially disaggregated),Ghana DHS 2014 / JMP,Ghana DHS 2014 / Census 2021,2022,v1.1 | May 2026 (Guan added),10.84277,-0.492947618512454
33,AOWIN,WESTERN NORTH,Forest,261-district (Ghana 2018 administrative),164.0,38.086573593817484,40.62807962031467,78.60972365627178,46.1064594015745,98.1715654424486,14.910349910970886,89.84065039317899,0,0,-0.3135225233823905,Not Significant,0.25919771285078086,Moderate,WHO GHO / DHIMS2 2018-2022,Ghana DHS 2014 (spatially disaggregated),Ghana DHS 2014 (spatially disaggregated),Ghana DHS 2014 / JMP,Ghana DHS 2014 / Census 2021,2022,v1.1 | May 2026 (Guan added),5.69311555,-2.7557437678514
34,DORMAA EAST,BONO,Transitional Forest-Savannah,261-district (Ghana 2018 administrative),170.2,32.250132172584365,51.42457732775478,59.768484624877686,41.85327522449986,103.41346151405212,36.60851457442308,25.069373505303016,0,0,0.24073627434520192,Not Significant,0.468643429304663,Moderate,WHO GHO / DHIMS2 2018-2022,Ghana DHS 2014 (spatially disaggregated),Ghana DHS 2014 (spatially disaggregated),Ghana DHS 2014 / JMP,Ghana DHS 2014 / Census 2021,2022,v1.1 | May 2026 (Guan added),7.26432845,-2.64146295349265
35,SUAMAN,WESTERN NORTH,Forest,261-district (Ghana 2018 administrative),162.4,42.31585490268848,33.926385081214384,74.62835376632876,56.613498794736785,88.16375501395268,26.197225390889688,8.73999069861597,1,0,-0.2886161924315193,Not Significant,0.6427415553651497,High,WHO GHO / DHIMS2 2018-2022,Ghana DHS 2014 (spatially disaggregated),Ghana DHS 2014 (spatially disaggregated),Ghana DHS 2014 / JMP,Ghana DHS 2014 / Census 2021,2022,v1.1 | May 2026 (Guan added),6.10824159999999,-3.00869712063798
36,BEREKUM EAST MUNICIPAL,BONO,Transitional Forest-Savannah,261-district (Ghana 2018 administrative),177.2,43.71062745387887,48.456999880855214,56.80934199415547,60.21020103592376,76.76767579866949,31.435731051755134,235.51501880953708,1,0,0.3288377733803718,Not Significant,0.6757822221382885,High,WHO GHO / DHIMS2 2018-2022,Ghana DHS 2014 (spatially disaggregated),Ghana DHS 2014 (spatially disaggregated),Ghana DHS 2014 / JMP,Ghana DHS 2014 / Census 2021,2022,v1.1 | May 2026 (Guan added),7.4848835,-2.56459096524003
37,BIA EAST,WESTERN NORTH,Forest,261-district (Ghana 2018 administrative),149.2,40.30965549274162,40.50355878456604,69.18358337016892,48.025383711321105,112.26884870945489,25.91667478661876,-28.48965505475097,0,0,-0.27058698271335185,Not Significant,0.37334766914756107,Moderate,WHO GHO / DHIMS2 2018-2022,Ghana DHS 2014 (spatially disaggregated),Ghana DHS 2014 (spatially disaggregated),Ghana DHS 2014 / JMP,Ghana DHS 2014 / Census 2021,2022,v1.1 | May 2026 (Guan added),6.817878,-3.00681786775424
38,JAMAN SOUTH MUNICIPAL,BONO,Transitional Forest-Savannah,261-district (Ghana 2018 administrative),192.3,41.937398127166986,42.70667467820292,72.12212475479001,40.177242716289726,91.98852051944782,33.05839957032859,238.5004666597529,0,0,0.5253003988659732,Not Significant,0.49949308660334474,Moderate,WHO GHO / DHIMS2 2018-2022,Ghana DHS 2014 (spatially disaggregated),Ghana DHS 2014 (spatially disaggregated),Ghana DHS 2014 / JMP,Ghana DHS 2014 / Census 2021,2022,v1.1 | May 2026 (Guan added),7.62036559999999,-2.7963718064665
39,BIA WEST,WESTERN NORTH,Forest,261-district (Ghana 2018 administrative),144.7,43.946604044623605,48.92481465684153,70.92226146851178,56.828492094407,88.73289828217351,24.215183279879213,331.8712624349304,1,0,-0.4259727489441588,Not Significant,0.6637028531507305,High,WHO GHO / DHIMS2 2018-2022,Ghana DHS 2014 (spatially disaggregated),Ghana DHS 2014 (spatially disaggregated),Ghana DHS 2014 / JMP,Ghana DHS 2014 / Census 2021,2022,v1.1 | May 2026 (Guan added),6.56894165,-3.06628883975843
40,SUNYANI WEST,BONO,Transitional Forest-Savannah,261-district (Ghana 2018 administrative),190.8,48.00384336814298,48.713089285486774,70.4465057486182,47.50639798537239,96.43306807348803,32.1321181291872,135.38013047386815,1,0,0.42047076710260645,Not Significant,0.7144638958023894,High,WHO GHO / DHIMS2 2018-2022,Ghana DHS 2014 (spatially disaggregated),Ghana DHS 2014 (spatially disaggregated),Ghana DHS 2014 / JMP,Ghana DHS 2014 / Census 2021,2022,v1.1 | May 2026 (Guan added),7.35779433737633,-2.34687996021684
41,ASUNAFO NORTH MUNICIPAL,AHAFO,Transitional Forest-Savannah,261-district (Ghana 2018 administrative),163.6,46.65750302454495,29.766471115703073,78.9810840848461,40.879857999370955,84.06595680258837,31.55251247957792,259.9518254005837,1,0,-0.1687312412127746,Not Significant,0.5970099188074001,High,WHO GHO / DHIMS2 2018-2022,Ghana DHS 2014 (spatially disaggregated),Ghana DHS 2014 (spatially disaggregated),Ghana DHS 2014 / JMP,Ghana DHS 2014 / Census 2021,2022,v1.1 | May 2026 (Guan added),6.81509969999999,-2.67736640122449
42,BODI,WESTERN NORTH,Forest,261-district (Ghana 2018 administrative),154.4,45.92866747526915,38.585457400839616,69.51364887245089,56.46567331821854,86.44590740131831,29.85361099868604,50.212945263273824,0,0,-0.39270235162918915,Not Significant,0.3510994865112648,Moderate,WHO GHO / DHIMS2 2018-2022,Ghana DHS 2014 (spatially disaggregated),Ghana DHS 2014 (spatially disaggregated),Ghana DHS 2014 / JMP,Ghana DHS 2014 / Census 2021,2022,v1.1 | May 2026 (Guan added),6.24012575,-2.87347603617418
43,JUABOSO,WESTERN NORTH,Forest,261-district (Ghana 2018 administrative),132.6,39.811136572849946,43.67453963758832,71.41325789745257,47.00562556893092,97.2790156737852,27.771510927627684,176.70758642034858,1,0,-0.6209484292983656,Not Significant,0.6173125632494931,High,WHO GHO / DHIMS2 2018-2022,Ghana DHS 2014 (spatially disaggregated),Ghana DHS 2014 (spatially disaggregated),Ghana DHS 2014 / JMP,Ghana DHS 2014 / Census 2021,2022,v1.1 | May 2026 (Guan added),6.3415722,-2.8235416
44,NKORANZA NORTH,BONO EAST,Transitional Forest-Savannah,261-district (Ghana 2018 administrative),159.5,43.6333248881083,26.283490972964508,55.65914569492395,38.02560621760979,99.02087617487715,32.366941082435766,534.7156937627534,1,0,-0.11074038108835889,Not Significant,0.8717460189239444,Very High,WHO GHO / DHIMS2 2018-2022,Ghana DHS 2014 (spatially disaggregated),Ghana DHS 2014 (spatially disaggregated),Ghana DHS 2014 / JMP,Ghana DHS 2014 / Census 2021,2022,v1.1 | May 2026 (Guan added),7.7184776,-1.64389618122841
45,KINTAMPO SOUTH,BONO EAST,Transitional Forest-Savannah,261-district (Ghana 2018 administrative),183.4,44.150161402945756,33.71523192529317,59.83837240708444,44.80426885194209,101.3001320336226,30.43511822103258,145.79558809977829,1,0,0.3611788299882202,Not Significant,0.8437295160788558,Very High,WHO GHO / DHIMS2 2018-2022,Ghana DHS 2014 (spatially disaggregated),Ghana DHS 2014 (spatially disaggregated),Ghana DHS 2014 / JMP,Ghana DHS 2014 / Census 2021,2022,v1.1 | May 2026 (Guan added),7.94321545,-1.73400515142892
46,SHAMA,WESTERN,Forest,261-district (Ghana 2018 administrative),146.9,50.24304974776165,36.00081788950022,77.82890717730596,58.98669529207902,88.38870406732578,26.403175017058434,177.12720324453116,0,0,-0.48693749933136493,Not Significant,0.3817275117443643,Moderate,WHO GHO / DHIMS2 2018-2022,Ghana DHS 2014 (spatially disaggregated),Ghana DHS 2014 (spatially disaggregated),Ghana DHS 2014 / JMP,Ghana DHS 2014 / Census 2021,2022,v1.1 | May 2026 (Guan added),5.0606463,-1.64288365568687
47,TANO NORTH MUNICIPAL,AHAFO,Transitional Forest-Savannah,261-district (Ghana 2018 administrative),163.6,36.8403146651178,33.64236375243469,71.85220915531099,52.58822015571568,108.32734732618286,35.82281775151455,29.796219466416673,1,0,-0.1726344721826862,Not Significant,0.5913274117616194,High,WHO GHO / DHIMS2 2018-2022,Ghana DHS 2014 (spatially disaggregated),Ghana DHS 2014 (spatially disaggregated),Ghana DHS 2014 / JMP,Ghana DHS 2014 / Census 2021,2022,v1.1 | May 2026 (Guan added),7.19329065,-2.2080833699397
48,WASSA EAST,WESTERN,Forest,261-district (Ghana 2018 administrative),151.5,40.62102326226626,58.12973550698126,72.41902183218774,47.73190616240901,78.32981446971908,19.211233494267116,112.43597842218244,0,0,-0.5900943178219127,Not Significant,0.4213607999153418,Moderate,WHO GHO / DHIMS2 2018-2022,Ghana DHS 2014 (spatially disaggregated),Ghana DHS 2014 (spatially disaggregated),Ghana DHS 2014 / JMP,Ghana DHS 2014 / Census 2021,2022,v1.1 | May 2026 (Guan added),5.3622378,-1.62070954561049
49,KETU NORTH,VOLTA,Transitional Forest-Savannah,261-district (Ghana 2018 administrative),169.1,37.620281753895846,41.80493340637114,81.63273922358572,52.15675813212063,87.96041713939913,31.191122717268243,271.4500129951006,0,0,0.38552755651481696,Not Significant,0.38182645040588326,Moderate,WHO GHO / DHIMS2 2018-2022,Ghana DHS 2014 (spatially disaggregated),Ghana DHS 2014 (spatially disaggregated),Ghana DHS 2014 / JMP,Ghana DHS 2014 / Census 2021,2022,v1.1 | May 2026 (Guan added),6.192057,0.981151401381816
50,MPOHOR,WESTERN,Forest,261-district (Ghana 2018 administrative),122.6,51.69299989971015,52.265803284911726,73.31089316121819,42.85465036362201,114.07482565397459,24.43255473313522,461.4453270897474,1,0,-1.0436125828974743,Not Significant,0.5766512583568622,High,WHO GHO / DHIMS2 2018-2022,Ghana DHS 2014 (spatially disaggregated),Ghana DHS 2014 (spatially disaggregated),Ghana DHS 2014 / JMP,Ghana DHS 2014 / Census 2021,2022,v1.1 | May 2026 (Guan added),4.9705877,-1.8927971
51,WASSA AMENFI WEST,WESTERN,Forest,261-district (Ghana 2018 administrative),119.0,37.36183168556873,42.05203175583341,76.08172651580391,50.53334148835614,95.30805305999772,22.814956913652765,91.59741411585983,0,0,-0.9255863130929743,Not Significant,0.45398778551357116,Moderate,WHO GHO / DHIMS2 2018-2022,Ghana DHS 2014 (spatially disaggregated),Ghana DHS 2014 (spatially disaggregated),Ghana DHS 2014 / JMP,Ghana DHS 2014 / Census 2021,2022,v1.1 | May 2026 (Guan added),5.7735167,-2.5321498
52,KETU SOUTH,VOLTA,Transitional Forest-Savannah,261-district (Ghana 2018 administrative),187.5,38.76060944271425,45.911762111434825,64.50203897801961,32.61819188274315,100.98846914778676,33.946573120899686,20.847835633851936,0,0,0.4015122166773161,Not Significant,0.37820637948933106,Moderate,WHO GHO / DHIMS2 2018-2022,Ghana DHS 2014 (spatially disaggregated),Ghana DHS 2014 (spatially disaggregated),Ghana DHS 2014 / JMP,Ghana DHS 2014 / Census 2021,2022,v1.1 | May 2026 (Guan added),6.07748514999999,1.0706219725046
53,WASSA AMENFI CENTRAL,WESTERN,Forest,261-district (Ghana 2018 administrative),160.5,42.81269162684246,49.03156254766845,77.3631785353328,71.90231938171132,118.02808950551598,25.13972183308515,290.62789104480333,0,0,-0.7255921929203081,Not Significant,0.4013500949791241,Moderate,WHO GHO / DHIMS2 2018-2022,Ghana DHS 2014 (spatially disaggregated),Ghana DHS 2014 (spatially disaggregated),Ghana DHS 2014 / JMP,Ghana DHS 2014 / Census 2021,2022,v1.1 | May 2026 (Guan added),5.7890318,-2.0839856
54,KETA MUNICIPAL,VOLTA,Transitional Forest-Savannah,261-district (Ghana 2018 administrative),198.6,44.742841315297426,33.69171463485105,75.12519003084252,49.30824443741238,56.98892141017643,28.49036911057307,33.3870721652668,1,0,0.35801907158400476,Not Significant,0.5130963278200626,High,WHO GHO / DHIMS2 2018-2022,Ghana DHS 2014 (spatially disaggregated),Ghana DHS 2014 (spatially disaggregated),Ghana DHS 2014 / JMP,Ghana DHS 2014 / Census 2021,2022,v1.1 | May 2026 (Guan added),5.9215688,0.9910728
55,KADJEBI,OTI,Transitional Forest-Savannah,261-district (Ghana 2018 administrative),203.5,40.984171848099614,44.808272283914036,63.266169500812715,51.092092302923064,100.83517754575354,34.22910007298411,167.42861586297022,1,0,1.0475434092332112,Not Significant,0.7155673417712327,High,WHO GHO / DHIMS2 2018-2022,Ghana DHS 2014 (spatially disaggregated),Ghana DHS 2014 (spatially disaggregated),Ghana DHS 2014 / JMP,Ghana DHS 2014 / Census 2021,2022,v1.1 | May 2026 (Guan added),7.7210325,0.534053201682814
56,MFANTSEMAN MUNICIPAL,CENTRAL,Forest,261-district (Ghana 2018 administrative),161.9,49.465842996974764,20.44231050209335,71.20158869613908,44.307384261015876,121.0994860867318,29.24905465148953,-21.699350603736278,0,3,-0.1840046893104441,Not Significant,0.46168084152365635,Moderate,WHO GHO / DHIMS2 2018-2022,Ghana DHS 2014 (spatially disaggregated),Ghana DHS 2014 (spatially disaggregated),Ghana DHS 2014 / JMP,Ghana DHS 2014 / Census 2021,2022,v1.1 | May 2026 (Guan added),5.478649699999997,-1.13574812718209
57,SOUTH TONGU,VOLTA,Transitional Forest-Savannah,261-district (Ghana 2018 administrative),174.2,28.333644686450782,38.471981009366495,74.058133549295,40.417713611206274,98.71667149265345,32.584380296399026,46.33196756114122,0,0,0.08497877183154563,Not Significant,0.2371652806137591,Very Low,WHO GHO / DHIMS2 2018-2022,Ghana DHS 2014 (spatially disaggregated),Ghana DHS 2014 (spatially disaggregated),Ghana DHS 2014 / JMP,Ghana DHS 2014 / Census 2021,2022,v1.1 | May 2026 (Guan added),5.96577275,0.641061228110148
58,EKUMFI,CENTRAL,Forest,261-district (Ghana 2018 administrative),153.1,43.10092407384999,30.672644940108334,65.17830201372638,65.37296684353909,104.75414526395997,26.736520112717187,151.1359624862425,1,3,-0.2737467411175665,Not Significant,0.6743702157966417,High,WHO GHO / DHIMS2 2018-2022,Ghana DHS 2014 (spatially disaggregated),Ghana DHS 2014 (spatially disaggregated),Ghana DHS 2014 / JMP,Ghana DHS 2014 / Census 2021,2022,v1.1 | May 2026 (Guan added),5.28914455,-0.908864632637807
59,TWIFO HEMANG LOWER DENKYIRA,CENTRAL,Forest,261-district (Ghana 2018 administrative),153.0,47.1231788899884,41.448327732751174,78.49977743054268,52.57463954198196,105.18847085961832,27.262072081259575,-79.52954465423637,0,3,-0.30052571108316634,Not Significant,0.4119758887935337,Moderate,WHO GHO / DHIMS2 2018-2022,Ghana DHS 2014 (spatially disaggregated),Ghana DHS 2014 (spatially disaggregated),Ghana DHS 2014 / JMP,Ghana DHS 2014 / Census 2021,2022,v1.1 | May 2026 (Guan added),5.478649699999997,-1.13574812718209
60,JASIKAN,OTI,Transitional Forest-Savannah,261-district (Ghana 2018 administrative),173.6,45.81737304778808,48.96557247914173,60.05793102315469,44.73295519994649,126.5968785816848,48.1357797582278,364.81075339499847,1,0,0.6295259591697128,Not Significant,0.6430667654851892,High,WHO GHO / DHIMS2 2018-2022,Ghana DHS 2014 (spatially disaggregated),Ghana DHS 2014 (spatially disaggregated),Ghana DHS 2014 / JMP,Ghana DHS 2014 / Census 2021,2022,v1.1 | May 2026 (Guan added),7.40707195,0.466071316332564
61,TWIFO ATTI-MORKWA,CENTRAL,Forest,261-district (Ghana 2018 administrative),152.7,44.51221108563999,23.393150280721724,74.6607503723779,48.56178655337031,97.76957237488045,26.12779208709388,46.539000497324544,1,3,-0.30445338597438154,Not Significant,0.5751056389471338,High,WHO GHO / DHIMS2 2018-2022,Ghana DHS 2014 (spatially disaggregated),Ghana DHS 2014 (spatially disaggregated),Ghana DHS 2014 / JMP,Ghana DHS 2014 / Census 2021,2022,v1.1 | May 2026 (Guan added),5.478649699999997,-1.13574812718209
62,KRACHI EAST MUNICIPAL,OTI,Transitional Forest-Savannah,261-district (Ghana 2018 administrative),250.5,43.60604559087369,31.543131293733687,73.00198488253444,38.619201891244614,100.8905200705194,44.854211005089006,261.85995939232447,1,0,1.6260115323813324,Not Significant,0.6951319393047841,High,WHO GHO / DHIMS2 2018-2022,Ghana DHS 2014 (spatially disaggregated),Ghana DHS 2014 (spatially disaggregated),Ghana DHS 2014 / JMP,Ghana DHS 2014 / Census 2021,2022,v1.1 | May 2026 (Guan added),7.69817,0.22447
63,AWUTU SENYA,CENTRAL,Forest,261-district (Ghana 2018 administrative),136.3,49.55835780892875,26.728056058260847,65.92827803128644,59.09073524325132,147.8561330262348,24.7137083988998,147.1653590747472,0,0,-1.083068175123404,Not Significant,0.4859764628132812,Moderate,WHO GHO / DHIMS2 2018-2022,Ghana DHS 2014 (spatially disaggregated),Ghana DHS 2014 (spatially disaggregated),Ghana DHS 2014 / JMP,Ghana DHS 2014 / Census 2021,2022,v1.1 | May 2026 (Guan added),5.40379055,-0.518157686947431
64,NKWANTA SOUTH MUNICIPAL,OTI,Transitional Forest-Savannah,261-district (Ghana 2018 administrative),194.4,34.81925998803927,32.771550609201945,59.80804404020572,39.07368386437298,98.87481541425448,36.42650116475762,180.40927747572843,1,0,1.3617070352758212,Not Significant,0.7078159246917507,High,WHO GHO / DHIMS2 2018-2022,Ghana DHS 2014 (spatially disaggregated),Ghana DHS 2014 (spatially disaggregated),Ghana DHS 2014 / JMP,Ghana DHS 2014 / Census 2021,2022,v1.1 | May 2026 (Guan added),8.25811615,0.509975335946734
65,AWUTU SENYA EAST,CENTRAL,Forest,261-district (Ghana 2018 administrative),150.7,44.8202934538155,35.64489560239758,75.2890510406047,55.462454522700035,104.33369532654307,27.134521813992823,350.64603727334196,1,0,-0.9142483564660847,Not Significant,0.6830493032107569,High,WHO GHO / DHIMS2 2018-2022,Ghana DHS 2014 (spatially disaggregated),Ghana DHS 2014 (spatially disaggregated),Ghana DHS 2014 / JMP,Ghana DHS 2014 / Census 2021,2022,v1.1 | May 2026 (Guan added),5.40379055,-0.518157686947431
66,AFIGYA KWABRE SOUTH,ASHANTI,Coastal/Urban,261-district (Ghana 2018 administrative),100.0,21.491253530141492,38.67217685458089,86.51418798413619,54.543132838912385,46.68565261318956,18.088148300980464,231.98227232347568,0,0,-1.592852940806607,Not Significant,0.042092215536568924,Very Low,WHO GHO / DHIMS2 2018-2022,Ghana DHS 2014 (spatially disaggregated),Ghana DHS 2014 (spatially disaggregated),Ghana DHS 2014 / JMP,Ghana DHS 2014 / Census 2021,2022,v1.1 | May 2026 (Guan added),6.83998064999999,-1.60957900170106
67,LA-NKWANTANANG-MADINA,GREATER ACCRA,Coastal/Urban,261-district (Ghana 2018 administrative),67.8,6.291640819971025,62.381679707140925,82.62924722575342,77.20348859821264,37.787636413795816,9.146762292513225,218.69977989344034,0,2,-2.7768312139256026,Coldspot 99%,0.0028269230769230767,Very Low,WHO GHO / DHIMS2 2018-2022,Ghana DHS 2014 (spatially disaggregated),Ghana DHS 2014 (spatially disaggregated),Ghana DHS 2014 / JMP,Ghana DHS 2014 / Census 2021,2022,v1.1 | May 2026 (Guan added),5.653307048275861,-0.1885558633617898
68,ATWIMA KWANWOMA,ASHANTI,Coastal/Urban,261-district (Ghana 2018 administrative),109.7,16.838908236754968,54.29974640096817,76.67351884566558,68.35413066889845,59.0897844217462,22.857503596767437,499.1265300152839,0,0,-1.420553173706179,Not Significant,0.049758080793345046,Very Low,WHO GHO / DHIMS2 2018-2022,Ghana DHS 2014 (spatially disaggregated),Ghana DHS 2014 (spatially disaggregated),Ghana DHS 2014 / JMP,Ghana DHS 2014 / Census 2021,2022,v1.1 | May 2026 (Guan added),6.65,-1.73333
69,SEKYERE SOUTH,ASHANTI,Coastal/Urban,261-district (Ghana 2018 administrative),90.3,13.456773340152482,53.33430446115141,80.97915103466107,64.32766138396444,64.52282219079788,21.7621581710475,107.90790809820224,0,0,-1.7638516309170647,Not Significant,0.020006389413265477,Very Low,WHO GHO / DHIMS2 2018-2022,Ghana DHS 2014 (spatially disaggregated),Ghana DHS 2014 (spatially disaggregated),Ghana DHS 2014 / JMP,Ghana DHS 2014 / Census 2021,2022,v1.1 | May 2026 (Guan added),6.99532965,-1.50292100938884
70,GA EAST,GREATER ACCRA,Coastal/Urban,261-district (Ghana 2018 administrative),77.6,10.958409719183397,57.28880501339142,89.21344521841205,73.74879548164327,55.53100110408787,13.689146616716984,163.53387648885365,0,2,-2.5785116947802558,Coldspot 95%,0.0,Very Low,WHO GHO / DHIMS2 2018-2022,Ghana DHS 2014 (spatially disaggregated),Ghana DHS 2014 (spatially disaggregated),Ghana DHS 2014 / JMP,Ghana DHS 2014 / Census 2021,2022,v1.1 | May 2026 (Guan added),5.669162,-0.333376
71,AYAWASO WEST,GREATER ACCRA,Coastal/Urban,261-district (Ghana 2018 administrative),68.1,25.536842640616438,61.46164718322199,91.18117367391594,86.62645749840978,51.72589839589348,5.609046654336262,83.45175456565423,0,2,-2.960842461690268,Coldspot 99%,0.006594977949340263,Very Low,WHO GHO / DHIMS2 2018-2022,Ghana DHS 2014 (spatially disaggregated),Ghana DHS 2014 (spatially disaggregated),Ghana DHS 2014 / JMP,Ghana DHS 2014 / Census 2021,2022,v1.1 | May 2026 (Guan added),5.62669775,-0.179111178909241
72,SEKYERE EAST,ASHANTI,Coastal/Urban,261-district (Ghana 2018 administrative),97.6,16.418852580196436,46.923871809181456,92.88191254760659,65.84187586426182,80.75433115983657,22.77574544091046,-78.46087571299817,0,0,-1.635788481475646,Not Significant,0.01623387002232503,Very Low,WHO GHO / DHIMS2 2018-2022,Ghana DHS 2014 (spatially disaggregated),Ghana DHS 2014 (spatially disaggregated),Ghana DHS 2014 / JMP,Ghana DHS 2014 / Census 2021,2022,v1.1 | May 2026 (Guan added),6.77947295,-1.29935419961981
73,GA SOUTH MUNICIPAL,GREATER ACCRA,Coastal/Urban,261-district (Ghana 2018 administrative),67.5,14.98720269086032,42.93698490419371,97.72791765759435,81.19028334393481,48.222290459757026,14.288589574286997,852.8075762991394,0,2,-2.564736769799974,Coldspot 95%,0.02570160062710119,Very Low,WHO GHO / DHIMS2 2018-2022,Ghana DHS 2014 (spatially disaggregated),Ghana DHS 2014 (spatially disaggregated),Ghana DHS 2014 / JMP,Ghana DHS 2014 / Census 2021,2022,v1.1 | May 2026 (Guan added),5.669162,-0.333376
74,GA WEST MUNICIPAL,GREATER ACCRA,Coastal/Urban,261-district (Ghana 2018 administrative),67.0,14.271104651497764,50.67294434201508,83.92018387959374,86.23032919639125,43.78522840626955,11.691231053778576,130.74449062568857,0,2,-2.5712828946186663,Coldspot 95%,0.0,Very Low,WHO GHO / DHIMS2 2018-2022,Ghana DHS 2014 (spatially disaggregated),Ghana DHS 2014 (spatially disaggregated),Ghana DHS 2014 / JMP,Ghana DHS 2014 / Census 2021,2022,v1.1 | May 2026 (Guan added),5.669162,-0.333376
75,SEKYERE CENTRAL,ASHANTI,Coastal/Urban,261-district (Ghana 2018 administrative),125.7,21.822101164778633,51.50681981605375,79.44358215859675,58.44816639925355,63.02318828193412,18.738333161396977,336.8266534583371,0,0,-1.2779923092336565,Not Significant,0.03336684723893608,Very Low,WHO GHO / DHIMS2 2018-2022,Ghana DHS 2014 (spatially disaggregated),Ghana DHS 2014 (spatially disaggregated),Ghana DHS 2014 / JMP,Ghana DHS 2014 / Census 2021,2022,v1.1 | May 2026 (Guan added),7.21625465,-1.09955606489201
76,GA CENTRAL MUNICIPAL,GREATER ACCRA,Coastal/Urban,261-district (Ghana 2018 administrative),73.2,7.321156272749241,60.8961024788797,95.5885238942098,82.47858205379079,87.3700882582294,9.554489020203855,23.41964542784933,0,0,-1.7043738256612533,Not Significant,0.017939628802350557,Very Low,WHO GHO / DHIMS2 2018-2022,Ghana DHS 2014 (spatially disaggregated),Ghana DHS 2014 (spatially disaggregated),Ghana DHS 2014 / JMP,Ghana DHS 2014 / Census 2021,2022,v1.1 | May 2026 (Guan added),5.3203951,-2.0334832
77,OFFINSO NORTH,ASHANTI,Coastal/Urban,261-district (Ghana 2018 administrative),98.7,28.901320571428283,55.46755563336103,82.78455431142862,66.86612408380834,55.40685632255956,28.142356441334027,211.70541087414594,0,0,-1.290073738426243,Not Significant,0.14748214150910516,Very Low,WHO GHO / DHIMS2 2018-2022,Ghana DHS 2014 (spatially disaggregated),Ghana DHS 2014 (spatially disaggregated),Ghana DHS 2014 / JMP,Ghana DHS 2014 / Census 2021,2022,v1.1 | May 2026 (Guan added),7.27974815,-1.79832745610104
78,KRACHI WEST,OTI,Transitional Forest-Savannah,261-district (Ghana 2018 administrative),212.6,43.51365554176273,36.760955290781,64.70600406697628,35.10354310178716,129.65645105897121,41.086414477310164,391.2156946485972,1,0,1.3249051432737884,Not Significant,0.5605896031184983,High,WHO GHO / DHIMS2 2018-2022,Ghana DHS 2014 (spatially disaggregated),Ghana DHS 2014 (spatially disaggregated),Ghana DHS 2014 / JMP,Ghana DHS 2014 / Census 2021,2022,v1.1 | May 2026 (Guan added),7.8,-0.01667
79,OFFINSO MUNICIPAL,ASHANTI,Coastal/Urban,261-district (Ghana 2018 administrative),139.1,15.633876683959768,35.78548510202763,80.88672766477568,61.38657346337542,88.83712066047292,15.379102680329794,554.3076769477606,0,0,-1.0787416616266878,Not Significant,0.12900661785392226,Very Low,WHO GHO / DHIMS2 2018-2022,Ghana DHS 2014 (spatially disaggregated),Ghana DHS 2014 (spatially disaggregated),Ghana DHS 2014 / JMP,Ghana DHS 2014 / Census 2021,2022,v1.1 | May 2026 (Guan added),7.05794129999999,-1.73462655987467
80,OBUASI MUNICIPAL,ASHANTI,Coastal/Urban,261-district (Ghana 2018 administrative),118.1,18.334151031056038,35.29456485754881,69.13356820193597,67.19004226351538,74.27133783780272,16.5440746390901,183.48353644914448,0,0,-1.2549446596970293,Not Significant,0.20040068743108683,Very Low,WHO GHO / DHIMS2 2018-2022,Ghana DHS 2014 (spatially disaggregated),Ghana DHS 2014 (spatially disaggregated),Ghana DHS 2014 / JMP,Ghana DHS 2014 / Census 2021,2022,v1.1 | May 2026 (Guan added),6.211542,-1.6894045
81,KRACHI NCHUMURU,OTI,Transitional Forest-Savannah,261-district (Ghana 2018 administrative),201.9,48.607547761004774,32.283282323639476,52.050969351600514,37.37239852822462,106.78872850171338,30.477481115333354,167.6835230823791,1,4,1.3434919574162285,Not Significant,0.7738778106063072,Very High,WHO GHO / DHIMS2 2018-2022,Ghana DHS 2014 (spatially disaggregated),Ghana DHS 2014 (spatially disaggregated),Ghana DHS 2014 / JMP,Ghana DHS 2014 / Census 2021,2022,v1.1 | May 2026 (Guan added),8.1892008,-0.0866133771431008
82,KWABRE EAST,ASHANTI,Coastal/Urban,261-district (Ghana 2018 administrative),117.2,22.69085775228265,63.90302895706062,84.44772112510098,62.781410151794056,55.872647298085646,27.99098912552403,53.282380030864175,0,0,-1.369439434814466,Not Significant,0.11183069534604455,Very Low,WHO GHO / DHIMS2 2018-2022,Ghana DHS 2014 (spatially disaggregated),Ghana DHS 2014 (spatially disaggregated),Ghana DHS 2014 / JMP,Ghana DHS 2014 / Census 2021,2022,v1.1 | May 2026 (Guan added),6.7897864,-1.53792852576917
83,AGOTIME ZIOPE,VOLTA,Transitional Forest-Savannah,261-district (Ghana 2018 administrative),185.3,36.58946576736055,42.948505105824545,65.13979330161777,37.82067006192599,76.11777072750722,32.383106891404644,130.12655972084988,0,0,0.53942637761423,Not Significant,0.472616854489731,Moderate,WHO GHO / DHIMS2 2018-2022,Ghana DHS 2014 (spatially disaggregated),Ghana DHS 2014 (spatially disaggregated),Ghana DHS 2014 / JMP,Ghana DHS 2014 / Census 2021,2022,v1.1 | May 2026 (Guan added),6.530192883333332,0.6108100157977967
84,ADAKLU,VOLTA,Transitional Forest-Savannah,261-district (Ghana 2018 administrative),170.0,39.23037588704356,35.50817511834534,77.43597199435533,24.16910054844352,103.71494993733299,35.77086587674852,106.83929193428877,0,0,0.3332986087745578,Not Significant,0.4851114994174337,Moderate,WHO GHO / DHIMS2 2018-2022,Ghana DHS 2014 (spatially disaggregated),Ghana DHS 2014 (spatially disaggregated),Ghana DHS 2014 / JMP,Ghana DHS 2014 / Census 2021,2022,v1.1 | May 2026 (Guan added),6.4470511,0.6286474
85,EJURA-SEKYEDUMASE,ASHANTI,Coastal/Urban,261-district (Ghana 2018 administrative),115.9,18.00211606284236,31.775736566361253,77.44132081418333,52.90420110809075,98.51952000509492,23.045258071683318,503.4439341255947,0,0,-1.2828184981623558,Not Significant,0.2852900666518361,Moderate,WHO GHO / DHIMS2 2018-2022,Ghana DHS 2014 (spatially disaggregated),Ghana DHS 2014 (spatially disaggregated),Ghana DHS 2014 / JMP,Ghana DHS 2014 / Census 2021,2022,v1.1 | May 2026 (Guan added),6.672877790697672,-1.5176749236925773
86,ATWIMA NWABIAGYA SOUTH,ASHANTI,Coastal/Urban,261-district (Ghana 2018 administrative),128.7,15.122308892949032,40.39630226279418,81.03762248028787,54.903928591219625,83.39320850659803,22.048790019175886,137.8517650996417,0,0,-1.0140595484109935,Not Significant,0.06996682537360051,Very Low,WHO GHO / DHIMS2 2018-2022,Ghana DHS 2014 (spatially disaggregated),Ghana DHS 2014 (spatially disaggregated),Ghana DHS 2014 / JMP,Ghana DHS 2014 / Census 2021,2022,v1.1 | May 2026 (Guan added),7.0689359,-2.0226618
87,AKATSI SOUTH,VOLTA,Transitional Forest-Savannah,261-district (Ghana 2018 administrative),199.9,41.52372135095052,36.57653535599913,76.98464569727588,40.210757345194615,103.02034813008844,35.276442406667414,83.30013041419622,1,0,1.533137366701371,Not Significant,0.5076210640949181,High,WHO GHO / DHIMS2 2018-2022,Ghana DHS 2014 (spatially disaggregated),Ghana DHS 2014 (spatially disaggregated),Ghana DHS 2014 / JMP,Ghana DHS 2014 / Census 2021,2022,v1.1 | May 2026 (Guan added),8.25846,0.508747
88,ATWIMA MPONUA,ASHANTI,Coastal/Urban,261-district (Ghana 2018 administrative),123.9,14.332963697479501,52.6745523676547,81.80486076415929,57.637585739015854,87.20602669970587,19.135448904135036,164.72734713168603,0,0,-1.0402669563518345,Not Significant,0.05429347860073679,Very Low,WHO GHO / DHIMS2 2018-2022,Ghana DHS 2014 (spatially disaggregated),Ghana DHS 2014 (spatially disaggregated),Ghana DHS 2014 / JMP,Ghana DHS 2014 / Census 2021,2022,v1.1 | May 2026 (Guan added),6.5558963,-2.17659077213842
89,AKATSI NORTH,VOLTA,Transitional Forest-Savannah,261-district (Ghana 2018 administrative),152.3,38.11992090886725,26.689946472273736,77.83253419717992,33.09428342579772,115.81571829035549,34.54776858976208,89.46321146245046,1,0,0.11304486118663144,Not Significant,0.5035155118688321,High,WHO GHO / DHIMS2 2018-2022,Ghana DHS 2014 (spatially disaggregated),Ghana DHS 2014 (spatially disaggregated),Ghana DHS 2014 / JMP,Ghana DHS 2014 / Census 2021,2022,v1.1 | May 2026 (Guan added),6.3108306,0.876439062223793
90,HO MUNICIPAL,VOLTA,Transitional Forest-Savannah,261-district (Ghana 2018 administrative),173.6,39.55717291783986,39.017657241578576,74.10689231411509,46.16480503785993,94.73225361125208,33.14807302384425,94.86189455698275,1,0,0.2946380353582809,Not Significant,0.6653378826649899,High,WHO GHO / DHIMS2 2018-2022,Ghana DHS 2014 (spatially disaggregated),Ghana DHS 2014 (spatially disaggregated),Ghana DHS 2014 / JMP,Ghana DHS 2014 / Census 2021,2022,v1.1 | May 2026 (Guan added),6.6126598,0.4688932
91,ADANSI SOUTH,ASHANTI,Coastal/Urban,261-district (Ghana 2018 administrative),123.7,7.910909473144791,40.59064308879091,82.35452633037936,61.17483219829417,78.24344862215744,20.543425971659733,59.781223834607886,0,0,-1.1495574235093886,Not Significant,0.03861187053697011,Very Low,WHO GHO / DHIMS2 2018-2022,Ghana DHS 2014 (spatially disaggregated),Ghana DHS 2014 (spatially disaggregated),Ghana DHS 2014 / JMP,Ghana DHS 2014 / Census 2021,2022,v1.1 | May 2026 (Guan added),6.00427495,-1.39314032189093
92,HOHOE MUNICIPAL,VOLTA,Transitional Forest-Savannah,261-district (Ghana 2018 administrative),173.7,34.06407750604349,40.17378858033758,61.5377717749015,47.07291778749025,60.54252996173299,36.714398143984944,249.84188014657454,1,0,0.37934744081245564,Not Significant,0.5010068028978166,High,WHO GHO / DHIMS2 2018-2022,Ghana DHS 2014 (spatially disaggregated),Ghana DHS 2014 (spatially disaggregated),Ghana DHS 2014 / JMP,Ghana DHS 2014 / Census 2021,2022,v1.1 | May 2026 (Guan added),7.153187,0.477735
93,ADANSI ASOKWA,ASHANTI,Coastal/Urban,261-district (Ghana 2018 administrative),123.1,26.09675535111419,64.43185938294639,86.24514618030726,47.79917867489399,56.85639686727007,19.37209861395064,268.3115925457961,0,0,-1.15847909429776,Not Significant,0.08868502514911422,Very Low,WHO GHO / DHIMS2 2018-2022,Ghana DHS 2014 (spatially disaggregated),Ghana DHS 2014 (spatially disaggregated),Ghana DHS 2014 / JMP,Ghana DHS 2014 / Census 2021,2022,v1.1 | May 2026 (Guan added),6.2467263,-1.50841
94,HO WEST,VOLTA,Transitional Forest-Savannah,261-district (Ghana 2018 administrative),195.9,30.564764585465536,42.95287273747319,62.33250002611229,45.16328581062267,61.01995440601633,29.33808203166944,105.76257899991782,0,0,0.5847782041217855,Not Significant,0.417844018212902,Moderate,WHO GHO / DHIMS2 2018-2022,Ghana DHS 2014 (spatially disaggregated),Ghana DHS 2014 (spatially disaggregated),Ghana DHS 2014 / JMP,Ghana DHS 2014 / Census 2021,2022,v1.1 | May 2026 (Guan added),6.590707,0.46714
95,BOSOME FREHO,ASHANTI,Coastal/Urban,261-district (Ghana 2018 administrative),108.3,25.070806031420503,41.783800820918096,96.64374425179642,65.35266416575055,86.7758765017751,18.3127368575286,350.763696725292,0,2,-1.3502950162477518,Not Significant,0.05596089575571161,Very Low,WHO GHO / DHIMS2 2018-2022,Ghana DHS 2014 (spatially disaggregated),Ghana DHS 2014 (spatially disaggregated),Ghana DHS 2014 / JMP,Ghana DHS 2014 / Census 2021,2022,v1.1 | May 2026 (Guan added),6.3681227,-1.36632312680072
96,AFADZATO SOUTH,VOLTA,Transitional Forest-Savannah,261-district (Ghana 2018 administrative),172.9,36.377011500063674,56.59356161421591,68.00908469616951,57.61216224894952,83.95914784646835,33.975154044652534,572.3450160058463,1,0,0.46335984073628966,Not Significant,0.5113822283661488,High,WHO GHO / DHIMS2 2018-2022,Ghana DHS 2014 (spatially disaggregated),Ghana DHS 2014 (spatially disaggregated),Ghana DHS 2014 / JMP,Ghana DHS 2014 / Census 2021,2022,v1.1 | May 2026 (Guan added),7.0222497,0.561946
97,AHAFO ANO SOUTH EAST,ASHANTI,Coastal/Urban,261-district (Ghana 2018 administrative),112.5,30.521372292290422,52.49680946085785,77.28422682211523,69.52840670630597,87.60258630914224,22.89479328746973,185.3665640564837,0,0,-1.31776809149848,Not Significant,0.1232166073252914,Very Low,WHO GHO / DHIMS2 2018-2022,Ghana DHS 2014 (spatially disaggregated),Ghana DHS 2014 (spatially disaggregated),Ghana DHS 2014 / JMP,Ghana DHS 2014 / Census 2021,2022,v1.1 | May 2026 (Guan added),6.94633355,-1.90095355028736
98,NORTH DAYI,VOLTA,Transitional Forest-Savannah,261-district (Ghana 2018 administrative),169.7,33.49458650791905,38.72098105150369,74.06761084697276,45.69168851426068,64.10196001251401,34.409757183778844,190.73532503190862,1,0,0.2916176780601343,Not Significant,0.5011121346729513,High,WHO GHO / DHIMS2 2018-2022,Ghana DHS 2014 (spatially disaggregated),Ghana DHS 2014 (spatially disaggregated),Ghana DHS 2014 / JMP,Ghana DHS 2014 / Census 2021,2022,v1.1 | May 2026 (Guan added),6.91384645,0.22267318926127
99,BEKWAI MUNICIPAL,ASHANTI,Coastal/Urban,261-district (Ghana 2018 administrative),126.7,26.541294710997214,54.18097945441415,80.49059537497577,62.608272464941294,57.5467508078604,22.942487716688888,157.60456295248653,0,0,-1.1450965881152029,Not Significant,0.04250068491055378,Very Low,WHO GHO / DHIMS2 2018-2022,Ghana DHS 2014 (spatially disaggregated),Ghana DHS 2014 (spatially disaggregated),Ghana DHS 2014 / JMP,Ghana DHS 2014 / Census 2021,2022,v1.1 | May 2026 (Guan added),6.43631235,-1.59282285301503
100,KPANDO MUNICIPAL,VOLTA,Transitional Forest-Savannah,261-district (Ghana 2018 administrative),190.7,28.27920698092597,31.496093526040777,75.70428225090596,46.4624920706226,94.11377306903992,32.842756393074964,102.77919034090894,1,0,0.600530529107504,Not Significant,0.575884512767214,High,WHO GHO / DHIMS2 2018-2022,Ghana DHS 2014 (spatially disaggregated),Ghana DHS 2014 (spatially disaggregated),Ghana DHS 2014 / JMP,Ghana DHS 2014 / Census 2021,2022,v1.1 | May 2026 (Guan added),7.0000115,0.318327973849328
101,BOSOMTWE,ASHANTI,Coastal/Urban,261-district (Ghana 2018 administrative),131.3,18.87948981804953,46.39930054753803,77.45989784908978,57.397832683088204,66.306514689991,22.789419576210168,223.60037010713546,0,0,-1.1358031810439815,Not Significant,0.040063178336734846,Very Low,WHO GHO / DHIMS2 2018-2022,Ghana DHS 2014 (spatially disaggregated),Ghana DHS 2014 (spatially disaggregated),Ghana DHS 2014 / JMP,Ghana DHS 2014 / Census 2021,2022,v1.1 | May 2026 (Guan added),6.672877790697672,-1.5176749236925773
102,NORTH TONGU,VOLTA,Transitional Forest-Savannah,261-district (Ghana 2018 administrative),211.4,32.56435295224836,38.05896584214201,66.30798432520123,51.725379204591356,89.8489349647045,36.3127274117559,52.012445394845216,0,0,0.2899913318226707,Not Significant,0.45442077185588625,Moderate,WHO GHO / DHIMS2 2018-2022,Ghana DHS 2014 (spatially disaggregated),Ghana DHS 2014 (spatially disaggregated),Ghana DHS 2014 / JMP,Ghana DHS 2014 / Census 2021,2022,v1.1 | May 2026 (Guan added),6.14399495,0.297188924896433
103,CENTRAL TONGU,VOLTA,Transitional Forest-Savannah,261-district (Ghana 2018 administrative),190.6,43.12418991671684,39.115575227902056,73.9859761742964,42.08445150838523,107.55343356308006,39.31372247342176,148.48628329833673,1,0,0.17159332573532074,Not Significant,0.6230296568190283,High,WHO GHO / DHIMS2 2018-2022,Ghana DHS 2014 (spatially disaggregated),Ghana DHS 2014 (spatially disaggregated),Ghana DHS 2014 / JMP,Ghana DHS 2014 / Census 2021,2022,v1.1 | May 2026 (Guan added),6.16884364999999,0.611561745917151
104,MAMPONG MUNICIPAL,ASHANTI,Coastal/Urban,261-district (Ghana 2018 administrative),114.7,31.41688549799138,57.8686324789589,74.53637205895765,60.16028032550556,71.63139482905609,17.614595017183206,133.93556350448515,0,0,-1.5023351559329194,Not Significant,0.2901120884960414,Moderate,WHO GHO / DHIMS2 2018-2022,Ghana DHS 2014 (spatially disaggregated),Ghana DHS 2014 (spatially disaggregated),Ghana DHS 2014 / JMP,Ghana DHS 2014 / Census 2021,2022,v1.1 | May 2026 (Guan added),7.056139,-1.40425
105,AJUMAKO-ENYAN-ESSIAM,CENTRAL,Forest,261-district (Ghana 2018 administrative),136.9,45.442885472362825,35.98824302202885,74.76212404470645,64.51893634865537,95.43576069249029,31.366627675684033,52.770109764753514,1,3,-0.5113109302450562,Not Significant,0.6893910856703117,High,WHO GHO / DHIMS2 2018-2022,Ghana DHS 2014 (spatially disaggregated),Ghana DHS 2014 (spatially disaggregated),Ghana DHS 2014 / JMP,Ghana DHS 2014 / Census 2021,2022,v1.1 | May 2026 (Guan added),5.478649699999997,-1.13574812718209
106,GOMOA WEST,CENTRAL,Forest,261-district (Ghana 2018 administrative),154.1,52.49349549311544,27.473316778445813,74.29258518768457,53.18911588169021,126.00855230374513,29.484200699878542,1080.102202554498,1,3,-0.32876371097919266,Not Significant,0.7762771923543575,Very High,WHO GHO / DHIMS2 2018-2022,Ghana DHS 2014 (spatially disaggregated),Ghana DHS 2014 (spatially disaggregated),Ghana DHS 2014 / JMP,Ghana DHS 2014 / Census 2021,2022,v1.1 | May 2026 (Guan added),5.38725545,-0.833638570821268
107,AGONA WEST MUNICIPAL,CENTRAL,Forest,261-district (Ghana 2018 administrative),143.5,47.22679796070007,29.6120636599343,69.39908170323204,50.51228215327282,129.19009017826457,33.00826163114486,194.60836210817516,1,0,-0.7716874919935613,Not Significant,0.6733555227223607,High,WHO GHO / DHIMS2 2018-2022,Ghana DHS 2014 (spatially disaggregated),Ghana DHS 2014 (spatially disaggregated),Ghana DHS 2014 / JMP,Ghana DHS 2014 / Census 2021,2022,v1.1 | May 2026 (Guan added),4.8901537,-1.9664135
108,AGONA EAST,CENTRAL,Forest,261-district (Ghana 2018 administrative),140.0,49.524669217902655,29.62389365374554,74.5812390542545,55.92600214908229,87.18504800051153,33.50391411485246,708.9473626054996,1,3,-0.5570097886483681,Not Significant,0.5953917246290104,High,WHO GHO / DHIMS2 2018-2022,Ghana DHS 2014 (spatially disaggregated),Ghana DHS 2014 (spatially disaggregated),Ghana DHS 2014 / JMP,Ghana DHS 2014 / Census 2021,2022,v1.1 | May 2026 (Guan added),5.63553575,-0.654757357749996
109,ASSIN NORTH,CENTRAL,Forest,261-district (Ghana 2018 administrative),144.0,44.45416986174331,41.92728204405157,72.80516326245201,57.08235102300863,144.4459032259199,26.75590922526771,157.57031859353594,1,0,-0.6819131796855707,Not Significant,0.5690687292067665,High,WHO GHO / DHIMS2 2018-2022,Ghana DHS 2014 (spatially disaggregated),Ghana DHS 2014 (spatially disaggregated),Ghana DHS 2014 / JMP,Ghana DHS 2014 / Census 2021,2022,v1.1 | May 2026 (Guan added),5.82545685,-1.37392719579152
110,ASSIN SOUTH,CENTRAL,Forest,261-district (Ghana 2018 administrative),130.2,44.43133848285221,37.48145173857481,84.62400773766286,49.47063970507464,112.96574227030887,27.653976912620358,478.56715905635247,0,3,-0.6070083186915347,Not Significant,0.38990359527467355,Moderate,WHO GHO / DHIMS2 2018-2022,Ghana DHS 2014 (spatially disaggregated),Ghana DHS 2014 (spatially disaggregated),Ghana DHS 2014 / JMP,Ghana DHS 2014 / Census 2021,2022,v1.1 | May 2026 (Guan added),5.52889644999999,-1.2709401638536
111,ASIKUMA-ODOBEN-BRAKWA,CENTRAL,Forest,261-district (Ghana 2018 administrative),200.5,45.61355727286607,36.13037829382337,80.10789551581556,56.985018910792,135.01625133955523,29.446281403726022,-5.457414624136902,0,4,0.32135614669259754,Not Significant,0.3220926252002417,Moderate,WHO GHO / DHIMS2 2018-2022,Ghana DHS 2014 (spatially disaggregated),Ghana DHS 2014 (spatially disaggregated),Ghana DHS 2014 / JMP,Ghana DHS 2014 / Census 2021,2022,v1.1 | May 2026 (Guan added),5.478649699999997,-1.13574812718209
112,EFFUTU MUNICIPAL,CENTRAL,Forest,261-district (Ghana 2018 administrative),165.6,54.729971678249306,46.117920278896094,75.52135901376467,64.33858524410041,138.0512944712142,32.431648089800674,252.85547411913595,1,0,-0.38694043924503263,Not Significant,0.5722218310637427,High,WHO GHO / DHIMS2 2018-2022,Ghana DHS 2014 (spatially disaggregated),Ghana DHS 2014 (spatially disaggregated),Ghana DHS 2014 / JMP,Ghana DHS 2014 / Census 2021,2022,v1.1 | May 2026 (Guan added),5.38339225,-0.597395635326539
113,GOMOA EAST,CENTRAL,Forest,261-district (Ghana 2018 administrative),152.0,49.70062548378524,45.866963628619246,66.70540361420207,53.87447554180116,99.61701736543569,27.980178234666095,480.35207152974954,1,0,-0.7103131247333005,Not Significant,0.6752522351815473,High,WHO GHO / DHIMS2 2018-2022,Ghana DHS 2014 (spatially disaggregated),Ghana DHS 2014 (spatially disaggregated),Ghana DHS 2014 / JMP,Ghana DHS 2014 / Census 2021,2022,v1.1 | May 2026 (Guan added),5.47699369999999,-0.589745989100534
114,ABURA-ASEBU-KWAMANKESE,CENTRAL,Forest,261-district (Ghana 2018 administrative),158.4,49.76984556871838,27.69465460767965,78.55446133499417,57.29707097804492,142.62946766455036,26.699408758642317,262.29957465864493,1,3,-0.2298275630412898,Not Significant,0.5719482458159649,High,WHO GHO / DHIMS2 2018-2022,Ghana DHS 2014 (spatially disaggregated),Ghana DHS 2014 (spatially disaggregated),Ghana DHS 2014 / JMP,Ghana DHS 2014 / Census 2021,2022,v1.1 | May 2026 (Guan added),5.478649699999997,-1.13574812718209
115,JOMORO,WESTERN,Forest,261-district (Ghana 2018 administrative),143.3,54.906084048765514,42.36325080933346,77.8881586252915,58.449433335608646,95.11917892904438,24.987140233599344,171.0832990059197,0,0,-0.8120208786826589,Not Significant,0.4677327854790522,Moderate,WHO GHO / DHIMS2 2018-2022,Ghana DHS 2014 (spatially disaggregated),Ghana DHS 2014 (spatially disaggregated),Ghana DHS 2014 / JMP,Ghana DHS 2014 / Census 2021,2022,v1.1 | May 2026 (Guan added),5.199616,-2.61473434715296
116,ELLEMBELLE,WESTERN,Forest,261-district (Ghana 2018 administrative),154.2,33.51594661152928,42.890662772109735,70.06164677362726,65.7843231862218,71.95760084008205,23.849559849028385,148.93620988995931,0,0,-0.6534753540476373,Not Significant,0.30573608150007964,Moderate,WHO GHO / DHIMS2 2018-2022,Ghana DHS 2014 (spatially disaggregated),Ghana DHS 2014 (spatially disaggregated),Ghana DHS 2014 / JMP,Ghana DHS 2014 / Census 2021,2022,v1.1 | May 2026 (Guan added),5.14952214999999,-2.42142536190491
117,DORMAA MUNICIPAL,BONO,Transitional Forest-Savannah,261-district (Ghana 2018 administrative),205.1,39.398016680106174,33.990223283571964,75.1362554205928,38.41835387958865,61.040856585321954,31.58877602842489,90.44051681851849,0,0,0.587008621818878,Not Significant,0.2960405368053134,Moderate,WHO GHO / DHIMS2 2018-2022,Ghana DHS 2014 (spatially disaggregated),Ghana DHS 2014 (spatially disaggregated),Ghana DHS 2014 / JMP,Ghana DHS 2014 / Census 2021,2022,v1.1 | May 2026 (Guan added),7.23948645,-2.85657511014467
118,DORMAA WEST,BONO,Transitional Forest-Savannah,261-district (Ghana 2018 administrative),155.4,44.38532372523702,35.70720491046369,64.19361251055523,37.696945581947745,120.916570478798,34.580169279869004,139.23896128600884,1,0,-0.18211374739533182,Not Significant,0.7236087948941239,High,WHO GHO / DHIMS2 2018-2022,Ghana DHS 2014 (spatially disaggregated),Ghana DHS 2014 (spatially disaggregated),Ghana DHS 2014 / JMP,Ghana DHS 2014 / Census 2021,2022,v1.1 | May 2026 (Guan added),6.97538415,-2.9463116043167
119,NADOWLI-KALEO,UPPER WEST,Guinea/Sudan Savannah,261-district (Ghana 2018 administrative),330.4,55.91568146676813,15.15464368336717,49.303122563883356,28.778632158364264,150.7067726224236,47.925229660061355,266.28474541654543,0,4,3.9520240032769918,Hotspot 99.9%,0.445492943066589,Moderate,WHO GHO / DHIMS2 2018-2022,Ghana DHS 2014 (spatially disaggregated),Ghana DHS 2014 (spatially disaggregated),Ghana DHS 2014 / JMP,Ghana DHS 2014 / Census 2021,2022,v1.1 | May 2026 (Guan added),10.442601377272728,-2.5245542561064784
120,PRESTEA/HUNI VALLEY,WESTERN,Forest,261-district (Ghana 2018 administrative),123.5,51.63543059685677,36.88470667206555,80.73615776622968,56.913772465541186,104.91357776101202,27.720873942347254,253.7905275719582,0,0,-1.0475158138673866,Not Significant,0.4317648177415481,Moderate,WHO GHO / DHIMS2 2018-2022,Ghana DHS 2014 (spatially disaggregated),Ghana DHS 2014 (spatially disaggregated),Ghana DHS 2014 / JMP,Ghana DHS 2014 / Census 2021,2022,v1.1 | May 2026 (Guan added),5.44481979999999,-2.04050432321944
121,AHANTA WEST MUNICIPAL,WESTERN,Forest,261-district (Ghana 2018 administrative),148.5,47.38132819529444,38.71007342554893,81.45397692620766,51.85884456982319,110.42961486243091,24.155600134160277,556.8675361801251,0,0,-0.7066336424950186,Not Significant,0.2920231727947753,Moderate,WHO GHO / DHIMS2 2018-2022,Ghana DHS 2014 (spatially disaggregated),Ghana DHS 2014 (spatially disaggregated),Ghana DHS 2014 / JMP,Ghana DHS 2014 / Census 2021,2022,v1.1 | May 2026 (Guan added),4.8514282,-1.98665461803006
122,DAFFIAMA BUSSIE ISSA,UPPER WEST,Guinea/Sudan Savannah,261-district (Ghana 2018 administrative),273.8,52.592023261796534,22.133807090139097,49.5592272871594,38.29070014380505,132.72921388133713,49.39577083537015,42.7446989627318,0,4,3.341016873304368,Hotspot 99.9%,0.4775867447174772,Moderate,WHO GHO / DHIMS2 2018-2022,Ghana DHS 2014 (spatially disaggregated),Ghana DHS 2014 (spatially disaggregated),Ghana DHS 2014 / JMP,Ghana DHS 2014 / Census 2021,2022,v1.1 | May 2026 (Guan added),10.36748405,-2.26222672458466
123,NZEMA EAST,WESTERN,Forest,261-district (Ghana 2018 administrative),134.0,28.215329648313954,24.034054856940333,80.31747003292664,58.28247156213069,95.89761712661121,23.36233422868783,168.17039133251544,0,0,-0.9547676112966065,Not Significant,0.20436574457341075,Very Low,WHO GHO / DHIMS2 2018-2022,Ghana DHS 2014 (spatially disaggregated),Ghana DHS 2014 (spatially disaggregated),Ghana DHS 2014 / JMP,Ghana DHS 2014 / Census 2021,2022,v1.1 | May 2026 (Guan added),5.08576495,-2.22263416898707
124,LAWRA,UPPER WEST,Guinea/Sudan Savannah,261-district (Ghana 2018 administrative),274.9,54.45968967732152,38.57693274830898,57.67723451547648,31.357188592458684,143.48972723061618,49.20285765998822,-28.22491137690148,0,4,3.3988218652873585,Hotspot 99.9%,0.32834875427850985,Moderate,WHO GHO / DHIMS2 2018-2022,Ghana DHS 2014 (spatially disaggregated),Ghana DHS 2014 (spatially disaggregated),Ghana DHS 2014 / JMP,Ghana DHS 2014 / Census 2021,2022,v1.1 | May 2026 (Guan added),10.61348995,-2.86412434170417
125,NANDOM,UPPER WEST,Guinea/Sudan Savannah,261-district (Ghana 2018 administrative),267.6,58.25569624403854,16.407170292730864,52.486483653386756,44.39055489244729,157.01275191746217,47.57125258352179,264.73409688819544,1,4,3.3038432450194857,Hotspot 99.9%,0.6323049515885066,High,WHO GHO / DHIMS2 2018-2022,Ghana DHS 2014 (spatially disaggregated),Ghana DHS 2014 (spatially disaggregated),Ghana DHS 2014 / JMP,Ghana DHS 2014 / Census 2021,2022,v1.1 | May 2026 (Guan added),10.8520701,-2.760077
126,TARKWA NSUAEM,WESTERN,Forest,261-district (Ghana 2018 administrative),158.5,50.94425653799619,42.58410156978724,71.85728539961747,59.29370616135888,99.5138784133512,27.654443309178628,293.73992385369024,1,0,-0.5287049190490094,Not Significant,0.6407407230178203,High,WHO GHO / DHIMS2 2018-2022,Ghana DHS 2014 (spatially disaggregated),Ghana DHS 2014 (spatially disaggregated),Ghana DHS 2014 / JMP,Ghana DHS 2014 / Census 2021,2022,v1.1 | May 2026 (Guan added),5.271118085714284,-2.041238893063938
127,TALENSI,UPPER EAST,Guinea/Sudan Savannah,261-district (Ghana 2018 administrative),218.9,16.598947042678994,60.64467308645425,64.22816017773789,55.00288989075059,122.25221126996348,41.395559053509515,222.09175111568695,1,0,1.760022462348333,Not Significant,0.5206930786992328,High,WHO GHO / DHIMS2 2018-2022,Ghana DHS 2014 (spatially disaggregated),Ghana DHS 2014 (spatially disaggregated),Ghana DHS 2014 / JMP,Ghana DHS 2014 / Census 2021,2022,v1.1 | May 2026 (Guan added),10.6451057499999,-0.62587443176215
128,SEFWI AKONTOMBRA,WESTERN NORTH,Forest,261-district (Ghana 2018 administrative),135.2,39.167959192473475,37.28968010878699,76.30406441194324,58.3255635950667,87.11583813313928,25.999224342572752,754.9606707691842,1,0,-0.642509133703597,Not Significant,0.5716017017357714,High,WHO GHO / DHIMS2 2018-2022,Ghana DHS 2014 (spatially disaggregated),Ghana DHS 2014 (spatially disaggregated),Ghana DHS 2014 / JMP,Ghana DHS 2014 / Census 2021,2022,v1.1 | May 2026 (Guan added),6.0425529,-2.8760069
129,EFFIA KWESIMINTSIM MUNICIPAL,WESTERN,Forest,261-district (Ghana 2018 administrative),162.8,42.0138154201716,44.01725684538579,77.45740010550495,59.15258025492921,75.68459871254773,23.690866868767937,2.2263255329538936,0,0,-0.4880527081799121,Not Significant,0.25255456346571825,Moderate,WHO GHO / DHIMS2 2018-2022,Ghana DHS 2014 (spatially disaggregated),Ghana DHS 2014 (spatially disaggregated),Ghana DHS 2014 / JMP,Ghana DHS 2014 / Census 2021,2022,v1.1 | May 2026 (Guan added),4.96766095,-1.80360599719917
130,NABDAM,UPPER EAST,Guinea/Sudan Savannah,261-district (Ghana 2018 administrative),204.1,26.5219150891962,51.53338678625724,68.98832577253755,29.98618359279096,111.86778865789987,36.94823899681497,392.39948034657084,1,1,1.2624534477551856,Not Significant,0.5660334748639224,High,WHO GHO / DHIMS2 2018-2022,Ghana DHS 2014 (spatially disaggregated),Ghana DHS 2014 (spatially disaggregated),Ghana DHS 2014 / JMP,Ghana DHS 2014 / Census 2021,2022,v1.1 | May 2026 (Guan added),10.8469045,-0.661562047243897
131,BUILSA SOUTH,UPPER EAST,Guinea/Sudan Savannah,261-district (Ghana 2018 administrative),233.4,19.47582688283696,63.572133354990605,60.921555679194306,45.181021426973885,142.06484028458993,35.648238771698324,-30.682460177850892,0,0,2.0141042116755017,Hotspot 95%,0.461925011826638,Moderate,WHO GHO / DHIMS2 2018-2022,Ghana DHS 2014 (spatially disaggregated),Ghana DHS 2014 (spatially disaggregated),Ghana DHS 2014 / JMP,Ghana DHS 2014 / Census 2021,2022,v1.1 | May 2026 (Guan added),10.53032385,-1.26246582508358
132,BUILSA NORTH,UPPER EAST,Guinea/Sudan Savannah,261-district (Ghana 2018 administrative),228.7,29.01743734942205,44.50547771120427,64.73693327297603,44.18054008828978,128.351916476716,31.996937091381856,21.667135720320843,0,0,1.829723015382486,Not Significant,0.3746697478247721,Moderate,WHO GHO / DHIMS2 2018-2022,Ghana DHS 2014 (spatially disaggregated),Ghana DHS 2014 (spatially disaggregated),Ghana DHS 2014 / JMP,Ghana DHS 2014 / Census 2021,2022,v1.1 | May 2026 (Guan added),10.73472,-1.29056
133,BINDURI,UPPER EAST,Guinea/Sudan Savannah,261-district (Ghana 2018 administrative),194.4,30.981783662940416,58.85553986260608,61.21477861599453,51.40743351156058,79.13601968601259,37.659571137033794,-20.936810945662565,1,0,1.2144994672676874,Not Significant,0.5676605961116808,High,WHO GHO / DHIMS2 2018-2022,Ghana DHS 2014 (spatially disaggregated),Ghana DHS 2014 (spatially disaggregated),Ghana DHS 2014 / JMP,Ghana DHS 2014 / Census 2021,2022,v1.1 | May 2026 (Guan added),10.9694889,-0.3062234
134,PUSIGA,UPPER EAST,Guinea/Sudan Savannah,261-district (Ghana 2018 administrative),186.7,15.452082151308897,45.38089693568353,67.92646363459313,34.85250811056293,138.2235134785283,33.90535978271093,169.2585709355999,0,1,1.11431653903993,Not Significant,0.4383048722582433,Moderate,WHO GHO / DHIMS2 2018-2022,Ghana DHS 2014 (spatially disaggregated),Ghana DHS 2014 (spatially disaggregated),Ghana DHS 2014 / JMP,Ghana DHS 2014 / Census 2021,2022,v1.1 | May 2026 (Guan added),11.0854045,-0.1276855
135,BAWKU MUNICIPAL,UPPER EAST,Guinea/Sudan Savannah,261-district (Ghana 2018 administrative),196.8,17.025575525173267,59.06787776053253,55.87774247692754,33.99799061124229,112.33864869663142,39.40459416378555,294.10708512831025,1,0,1.2457253150269887,Not Significant,0.5798133594134841,High,WHO GHO / DHIMS2 2018-2022,Ghana DHS 2014 (spatially disaggregated),Ghana DHS 2014 (spatially disaggregated),Ghana DHS 2014 / JMP,Ghana DHS 2014 / Census 2021,2022,v1.1 | May 2026 (Guan added),11.0607602,-0.2422876
136,NORTH GONJA,SAVANNAH,Guinea/Sudan Savannah,261-district (Ghana 2018 administrative),258.0,53.47642418743165,26.5779694329504,70.4091145341392,38.133497011538076,146.3375922541306,50.59894473240081,165.36866984751623,1,4,3.1492009513543766,Hotspot 99%,0.5480681426924386,High,WHO GHO / DHIMS2 2018-2022,Ghana DHS 2014 (spatially disaggregated),Ghana DHS 2014 (spatially disaggregated),Ghana DHS 2014 / JMP,Ghana DHS 2014 / Census 2021,2022,v1.1 | May 2026 (Guan added),8.98787705,-0.403868101269744
137,WEST GONJA,SAVANNAH,Guinea/Sudan Savannah,261-district (Ghana 2018 administrative),260.5,56.302862760688875,29.87071414947965,54.233059154219795,37.78438212431312,145.45400790105748,51.142745565202894,139.75457445618545,1,4,3.3016128273223915,Hotspot 99.9%,0.5938430285126703,High,WHO GHO / DHIMS2 2018-2022,Ghana DHS 2014 (spatially disaggregated),Ghana DHS 2014 (spatially disaggregated),Ghana DHS 2014 / JMP,Ghana DHS 2014 / Census 2021,2022,v1.1 | May 2026 (Guan added),9.5267018,-1.5071681
138,MION,NORTHERN,Guinea/Sudan Savannah,261-district (Ghana 2018 administrative),287.1,46.96883450661191,38.57968163617141,57.566149815796024,40.09058404491759,86.11742187209299,56.14012887125624,58.754687172032945,0,4,3.5761400722062473,Hotspot 99.9%,0.40136489539374987,Moderate,WHO GHO / DHIMS2 2018-2022,Ghana DHS 2014 (spatially disaggregated),Ghana DHS 2014 (spatially disaggregated),Ghana DHS 2014 / JMP,Ghana DHS 2014 / Census 2021,2022,v1.1 | May 2026 (Guan added),9.45284905,-0.335525511842833
139,YENDI MUNICIPAL,NORTHERN,Guinea/Sudan Savannah,261-district (Ghana 2018 administrative),314.9,54.69769651013238,38.03045840934171,54.187089115350105,29.200992473847712,173.11144831148673,49.57414397843704,192.273878274646,0,4,4.017019303664949,Hotspot 99.9%,0.38016936007618185,Moderate,WHO GHO / DHIMS2 2018-2022,Ghana DHS 2014 (spatially disaggregated),Ghana DHS 2014 (spatially disaggregated),Ghana DHS 2014 / JMP,Ghana DHS 2014 / Census 2021,2022,v1.1 | May 2026 (Guan added),9.4739214,0.022769270127783
140,TOLON,NORTHERN,Guinea/Sudan Savannah,261-district (Ghana 2018 administrative),308.5,63.03925016336011,32.90472762596546,60.59424569309346,53.302562310629675,144.76582110558462,52.67693495786863,276.62760386785226,0,4,3.9261297825084105,Hotspot 99.9%,0.4049679023934265,Moderate,WHO GHO / DHIMS2 2018-2022,Ghana DHS 2014 (spatially disaggregated),Ghana DHS 2014 (spatially disaggregated),Ghana DHS 2014 / JMP,Ghana DHS 2014 / Census 2021,2022,v1.1 | May 2026 (Guan added),9.555956,-1.19792230212529
141,KUMBUNGU,NORTHERN,Guinea/Sudan Savannah,261-district (Ghana 2018 administrative),314.8,69.47854581694475,31.56694916053694,51.74753099328213,42.94139238142888,117.04631299209808,51.686505008268504,142.41480109567968,0,4,4.060884185041108,Hotspot 99.9%,0.32799739138196127,Moderate,WHO GHO / DHIMS2 2018-2022,Ghana DHS 2014 (spatially disaggregated),Ghana DHS 2014 (spatially disaggregated),Ghana DHS 2014 / JMP,Ghana DHS 2014 / Census 2021,2022,v1.1 | May 2026 (Guan added),9.5591282,-0.9467086
142,WEST MAMPRUSI MUNICIPAL,NORTHERN EAST,Guinea/Sudan Savannah,261-district (Ghana 2018 administrative),270.4,55.19206963285474,34.57621167094934,64.18228587966904,48.57829406984394,141.33636847986415,47.79134028377308,296.54977993139636,1,0,2.926345049786508,Hotspot 99%,0.7722010364442126,Very High,WHO GHO / DHIMS2 2018-2022,Ghana DHS 2014 (spatially disaggregated),Ghana DHS 2014 (spatially disaggregated),Ghana DHS 2014 / JMP,Ghana DHS 2014 / Census 2021,2022,v1.1 | May 2026 (Guan added),10.29738455,-0.764055036110824
143,MAMPRUGU MOAGDURI,NORTHERN EAST,Guinea/Sudan Savannah,261-district (Ghana 2018 administrative),302.0,47.372306156518206,32.15152194404333,60.16351970329846,39.79870625791115,155.49496652038675,49.30779299555435,158.350797834055,0,0,3.115001213332284,Hotspot 99%,0.4133901454553493,Moderate,WHO GHO / DHIMS2 2018-2022,Ghana DHS 2014 (spatially disaggregated),Ghana DHS 2014 (spatially disaggregated),Ghana DHS 2014 / JMP,Ghana DHS 2014 / Census 2021,2022,v1.1 | May 2026 (Guan added),10.23964,-1.27428
144,ZABZUGU,NORTHERN,Guinea/Sudan Savannah,261-district (Ghana 2018 administrative),280.3,61.965944133817395,24.35095328935274,51.79225438667481,43.385731982110265,128.65191045881494,46.88545514718514,-38.56104081054097,0,4,3.366666676820937,Hotspot 99.9%,0.43678059561890226,Moderate,WHO GHO / DHIMS2 2018-2022,Ghana DHS 2014 (spatially disaggregated),Ghana DHS 2014 (spatially disaggregated),Ghana DHS 2014 / JMP,Ghana DHS 2014 / Census 2021,2022,v1.1 | May 2026 (Guan added),9.294058,0.367064
145,TATALE SANGULI,NORTHERN,Guinea/Sudan Savannah,261-district (Ghana 2018 administrative),267.7,51.861517521757314,44.383245963129845,64.77285952330101,31.316285211615355,178.57361308812855,54.83304684703392,112.90123053364562,0,4,3.2027309760846054,Hotspot 99%,0.3377079179706438,Moderate,WHO GHO / DHIMS2 2018-2022,Ghana DHS 2014 (spatially disaggregated),Ghana DHS 2014 (spatially disaggregated),Ghana DHS 2014 / JMP,Ghana DHS 2014 / Census 2021,2022,v1.1 | May 2026 (Guan added),9.34906725,0.514632473680653
146,SENE EAST,BONO EAST,Transitional Forest-Savannah,261-district (Ghana 2018 administrative),123.0,56.38790602256266,23.97237654548076,57.138880571583584,49.11188111805343,137.7611388923645,34.77676809507851,273.35823894753565,1,0,-0.2624087844906776,Not Significant,0.709965124944616,High,WHO GHO / DHIMS2 2018-2022,Ghana DHS 2014 (spatially disaggregated),Ghana DHS 2014 (spatially disaggregated),Ghana DHS 2014 / JMP,Ghana DHS 2014 / Census 2021,2022,v1.1 | May 2026 (Guan added),7.6658435,-0.182426172494555
147,BIBIANI-ANHWIASO-BEKWAI MUNICIPAL,WESTERN NORTH,Forest,261-district (Ghana 2018 administrative),153.9,48.98888475994597,47.19499607384553,74.66029249252426,54.08108689590645,95.72253882674094,25.282669172183883,22.728639231518144,0,0,-0.7258367921604845,Not Significant,0.4659445342134961,Moderate,WHO GHO / DHIMS2 2018-2022,Ghana DHS 2014 (spatially disaggregated),Ghana DHS 2014 (spatially disaggregated),Ghana DHS 2014 / JMP,Ghana DHS 2014 / Census 2021,2022,v1.1 | May 2026 (Guan added),6.43631235,-1.59282285301503
148,SENE WEST,BONO EAST,Transitional Forest-Savannah,261-district (Ghana 2018 administrative),137.5,40.53197621134133,28.688926620172417,56.2672517442601,45.38693833533218,133.29666864580585,33.50676963353095,44.76410047273289,1,0,-0.2674272243091364,Not Significant,0.6213389335797864,High,WHO GHO / DHIMS2 2018-2022,Ghana DHS 2014 (spatially disaggregated),Ghana DHS 2014 (spatially disaggregated),Ghana DHS 2014 / JMP,Ghana DHS 2014 / Census 2021,2022,v1.1 | May 2026 (Guan added),7.74897775,-0.618112944814146
149,UPPER DENKYIRA EAST MUNICIPAL,CENTRAL,Forest,261-district (Ghana 2018 administrative),137.2,53.702308873420215,27.05557176843548,68.91584654215774,59.705747380611115,99.34587413695813,29.10993562744583,6.243382837858526,0,0,-0.9090440485062009,Not Significant,0.36226227624720747,Moderate,WHO GHO / DHIMS2 2018-2022,Ghana DHS 2014 (spatially disaggregated),Ghana DHS 2014 (spatially disaggregated),Ghana DHS 2014 / JMP,Ghana DHS 2014 / Census 2021,2022,v1.1 | May 2026 (Guan added),5.83523424999999,-1.73920835777296
150,ASUTIFI NORTH,AHAFO,Transitional Forest-Savannah,261-district (Ghana 2018 administrative),151.9,42.25176784321869,23.611890418501186,67.11027350446123,45.939078080459765,110.32337907236567,30.645591623509837,447.75221022480923,1,0,-0.1112979855126316,Not Significant,0.6585552198915522,High,WHO GHO / DHIMS2 2018-2022,Ghana DHS 2014 (spatially disaggregated),Ghana DHS 2014 (spatially disaggregated),Ghana DHS 2014 / JMP,Ghana DHS 2014 / Census 2021,2022,v1.1 | May 2026 (Guan added),7.07651835,-2.52531850396715
151,AHAFO ANO NORTH,ASHANTI,Coastal/Urban,261-district (Ghana 2018 administrative),121.5,16.357835307270054,46.94265409189386,83.28184572857829,62.68448403647445,75.46033340097473,18.64894833136151,125.56163099686172,0,0,-0.9607153918221873,Not Significant,0.0,Very Low,WHO GHO / DHIMS2 2018-2022,Ghana DHS 2014 (spatially disaggregated),Ghana DHS 2014 (spatially disaggregated),Ghana DHS 2014 / JMP,Ghana DHS 2014 / Census 2021,2022,v1.1 | May 2026 (Guan added),6.90966445,-2.23301229669742
152,AMANSIE CENTRAL,ASHANTI,Coastal/Urban,261-district (Ghana 2018 administrative),103.2,29.477491250273353,34.92274183944774,76.56430078879313,58.07702176949477,93.18965436974142,22.023930225374357,439.9482812192562,0,0,-1.4621876373852465,Not Significant,0.27492680629150984,Moderate,WHO GHO / DHIMS2 2018-2022,Ghana DHS 2014 (spatially disaggregated),Ghana DHS 2014 (spatially disaggregated),Ghana DHS 2014 / JMP,Ghana DHS 2014 / Census 2021,2022,v1.1 | May 2026 (Guan added),6.20744165,-1.82814118592735
153,AMANSIE WEST,ASHANTI,Coastal/Urban,261-district (Ghana 2018 administrative),111.9,25.142964119840418,42.61107075979839,91.1681367409361,53.600656305186284,79.14355421559452,22.84062955703428,300.20454766086993,0,0,-1.3833795454212963,Not Significant,0.030184482170413116,Very Low,WHO GHO / DHIMS2 2018-2022,Ghana DHS 2014 (spatially disaggregated),Ghana DHS 2014 (spatially disaggregated),Ghana DHS 2014 / JMP,Ghana DHS 2014 / Census 2021,2022,v1.1 | May 2026 (Guan added),6.43975084999999,-1.85237045719587
154,ASUTIFI SOUTH,AHAFO,Transitional Forest-Savannah,261-district (Ghana 2018 administrative),158.9,39.61216371780186,40.45979395832404,63.72558815227321,53.94512931812202,134.90120552441363,28.28631303546997,58.009481252574375,1,0,-0.29809546764416495,Not Significant,0.5524425995144705,High,WHO GHO / DHIMS2 2018-2022,Ghana DHS 2014 (spatially disaggregated),Ghana DHS 2014 (spatially disaggregated),Ghana DHS 2014 / JMP,Ghana DHS 2014 / Census 2021,2022,v1.1 | May 2026 (Guan added),6.84924284999999,-2.46125343688365
155,TECHIMAN MUNICIPAL,BONO EAST,Transitional Forest-Savannah,261-district (Ghana 2018 administrative),166.4,57.05109859895838,31.403857999711644,74.76598747867476,52.31253516857102,90.639162437299,31.892199907692852,595.7311502461862,1,0,0.03089114267704237,Not Significant,0.644479046543912,High,WHO GHO / DHIMS2 2018-2022,Ghana DHS 2014 (spatially disaggregated),Ghana DHS 2014 (spatially disaggregated),Ghana DHS 2014 / JMP,Ghana DHS 2014 / Census 2021,2022,v1.1 | May 2026 (Guan added),7.5279454,-1.97466940505838
156,UPPER DENKYIRA WEST,CENTRAL,Forest,261-district (Ghana 2018 administrative),148.2,46.22541053872033,32.92231634953447,68.06578214048473,49.24992476456367,94.77856103788288,28.082785019923953,44.187847955671884,1,0,-0.812206746824084,Not Significant,0.8128021472176322,Very High,WHO GHO / DHIMS2 2018-2022,Ghana DHS 2014 (spatially disaggregated),Ghana DHS 2014 (spatially disaggregated),Ghana DHS 2014 / JMP,Ghana DHS 2014 / Census 2021,2022,v1.1 | May 2026 (Guan added),6.10783305,-2.06931071266353
157,TECHIMAN NORTH,BONO EAST,Transitional Forest-Savannah,261-district (Ghana 2018 administrative),172.2,32.415627184283515,38.32987711224996,68.68168650686877,29.719438991325344,114.91169240685329,33.83736289510928,119.71220687809665,0,0,0.13888053284462465,Not Significant,0.49500053778401315,Moderate,WHO GHO / DHIMS2 2018-2022,Ghana DHS 2014 (spatially disaggregated),Ghana DHS 2014 (spatially disaggregated),Ghana DHS 2014 / JMP,Ghana DHS 2014 / Census 2021,2022,v1.1 | May 2026 (Guan added),7.70365499999999,-1.98577027897075
158,CAPE COAST METROPOLITAN,CENTRAL,Forest,261-district (Ghana 2018 administrative),185.1,52.66614158703952,31.358434352084217,71.20580078823684,60.852185817189024,118.49411421752485,29.527750471467467,59.32318004294492,1,4,0.20951042658590063,Not Significant,0.6636731778407873,High,WHO GHO / DHIMS2 2018-2022,Ghana DHS 2014 (spatially disaggregated),Ghana DHS 2014 (spatially disaggregated),Ghana DHS 2014 / JMP,Ghana DHS 2014 / Census 2021,2022,v1.1 | May 2026 (Guan added),5.1115501,-1.2484127
159,KOMENDA-EDINA-EGUAFO-ABIREM MUNICIPAL,CENTRAL,Forest,261-district (Ghana 2018 administrative),158.0,39.691214923350955,33.749218618608914,67.84055000713126,51.5073269345986,127.90070784795692,30.675306211749586,125.07765164247098,1,3,-0.24530891547963138,Not Significant,0.7366309342355669,High,WHO GHO / DHIMS2 2018-2022,Ghana DHS 2014 (spatially disaggregated),Ghana DHS 2014 (spatially disaggregated),Ghana DHS 2014 / JMP,Ghana DHS 2014 / Census 2021,2022,v1.1 | May 2026 (Guan added),5.478649699999997,-1.13574812718209
160,BANDA,BONO,Transitional Forest-Savannah,261-district (Ghana 2018 administrative),154.0,37.5544453386372,45.79179425552285,69.26922049583146,61.15243933266983,99.54482065232185,32.425314894175976,99.44956588236715,1,0,0.11713396029796898,Not Significant,0.575032123556588,High,WHO GHO / DHIMS2 2018-2022,Ghana DHS 2014 (spatially disaggregated),Ghana DHS 2014 (spatially disaggregated),Ghana DHS 2014 / JMP,Ghana DHS 2014 / Census 2021,2022,v1.1 | May 2026 (Guan added),8.1645269,-2.3569966
161,SEFWI-WIAWSO,WESTERN NORTH,Forest,261-district (Ghana 2018 administrative),147.0,40.72298039623708,45.34041748744155,79.61461641679969,48.224949986519725,74.42776230243501,20.064796375199123,312.4642114622777,0,0,-0.48972552145273107,Not Significant,0.2512573524605346,Moderate,WHO GHO / DHIMS2 2018-2022,Ghana DHS 2014 (spatially disaggregated),Ghana DHS 2014 (spatially disaggregated),Ghana DHS 2014 / JMP,Ghana DHS 2014 / Census 2021,2022,v1.1 | May 2026 (Guan added),6.268205866666665,-2.795791025880881
162,JAMAN NORTH,BONO,Transitional Forest-Savannah,261-district (Ghana 2018 administrative),153.8,27.80363242861236,40.277414249849514,85.31044807188333,42.43389724878178,120.0854844388099,31.45027373706396,138.4495023886491,0,0,-0.023568222760310224,Not Significant,0.2263592983732478,Very Low,WHO GHO / DHIMS2 2018-2022,Ghana DHS 2014 (spatially disaggregated),Ghana DHS 2014 (spatially disaggregated),Ghana DHS 2014 / JMP,Ghana DHS 2014 / Census 2021,2022,v1.1 | May 2026 (Guan added),7.9132614,-2.69723280400663
163,ASUNAFO SOUTH,AHAFO,Transitional Forest-Savannah,261-district (Ghana 2018 administrative),177.4,40.24515312266305,41.25059684338324,67.41079765459455,42.938247292102695,116.47991665930229,30.260497860269627,37.895899289747966,0,0,-0.10367739171423096,Not Significant,0.4364017098087106,Moderate,WHO GHO / DHIMS2 2018-2022,Ghana DHS 2014 (spatially disaggregated),Ghana DHS 2014 (spatially disaggregated),Ghana DHS 2014 / JMP,Ghana DHS 2014 / Census 2021,2022,v1.1 | May 2026 (Guan added),6.56280465,-2.53279356335542
164,TAIN,BONO,Transitional Forest-Savannah,261-district (Ghana 2018 administrative),185.3,34.99777013681681,34.51360942732491,68.29718359207482,55.20973946034327,111.61679908504102,32.1984532890362,269.30597133621046,1,0,0.33924638930013945,Not Significant,0.5796252798472236,High,WHO GHO / DHIMS2 2018-2022,Ghana DHS 2014 (spatially disaggregated),Ghana DHS 2014 (spatially disaggregated),Ghana DHS 2014 / JMP,Ghana DHS 2014 / Census 2021,2022,v1.1 | May 2026 (Guan added),7.9614185,-2.1422727
165,NKORANZA SOUTH,BONO EAST,Transitional Forest-Savannah,261-district (Ghana 2018 administrative),193.0,46.46447158005616,38.340077561158736,60.96352768396649,38.73205670584866,103.05843611588195,29.136990539808533,89.21555658497132,1,0,0.09929061872122574,Not Significant,0.5589867497460449,High,WHO GHO / DHIMS2 2018-2022,Ghana DHS 2014 (spatially disaggregated),Ghana DHS 2014 (spatially disaggregated),Ghana DHS 2014 / JMP,Ghana DHS 2014 / Census 2021,2022,v1.1 | May 2026 (Guan added),7.45296465,-1.67701851419084
166,SEKYERE KUMAWU,ASHANTI,Coastal/Urban,261-district (Ghana 2018 administrative),120.7,26.37314162952244,50.44559814766487,83.80238109353692,62.300765689384,42.48185428434558,17.405365024715888,151.40010792941254,0,2,-1.3984348648766738,Not Significant,0.027547004834596572,Very Low,WHO GHO / DHIMS2 2018-2022,Ghana DHS 2014 (spatially disaggregated),Ghana DHS 2014 (spatially disaggregated),Ghana DHS 2014 / JMP,Ghana DHS 2014 / Census 2021,2022,v1.1 | May 2026 (Guan added),6.9098849,-1.23942940155571
167,BOLE,SAVANNAH,Guinea/Sudan Savannah,261-district (Ghana 2018 administrative),233.2,59.82595583713157,39.16381668247063,65.79997247397472,33.72684901748147,158.9029159647993,49.441922730381776,106.26139937701764,1,0,1.2518589636939947,Not Significant,0.5546761046907067,High,WHO GHO / DHIMS2 2018-2022,Ghana DHS 2014 (spatially disaggregated),Ghana DHS 2014 (spatially disaggregated),Ghana DHS 2014 / JMP,Ghana DHS 2014 / Census 2021,2022,v1.1 | May 2026 (Guan added),8.69166865,-2.17855621492469
168,SEKYERE AFRAM PLAINS NORTH,ASHANTI,Coastal/Urban,261-district (Ghana 2018 administrative),112.6,19.118068895871524,47.16417283982059,80.01654460272098,61.81815231141509,76.3006425008576,24.389016086402176,514.6544320856491,0,0,-1.2099645694723216,Not Significant,0.06235839854229485,Very Low,WHO GHO / DHIMS2 2018-2022,Ghana DHS 2014 (spatially disaggregated),Ghana DHS 2014 (spatially disaggregated),Ghana DHS 2014 / JMP,Ghana DHS 2014 / Census 2021,2022,v1.1 | May 2026 (Guan added),7.20286155,-0.592081996515861
169,ASANTE AKIM NORTH,ASHANTI,Coastal/Urban,261-district (Ghana 2018 administrative),131.4,9.204886507854281,22.959891223759175,84.65941885259576,52.27386999480355,75.77237904122018,18.846616212349776,167.1425467788968,0,0,-1.1618247208433994,Not Significant,0.10203791140826954,Very Low,WHO GHO / DHIMS2 2018-2022,Ghana DHS 2014 (spatially disaggregated),Ghana DHS 2014 (spatially disaggregated),Ghana DHS 2014 / JMP,Ghana DHS 2014 / Census 2021,2022,v1.1 | May 2026 (Guan added),6.906722,-0.958978
170,ASANTE AKIM CENTRAL MUNICIPAL,ASHANTI,Coastal/Urban,261-district (Ghana 2018 administrative),126.5,23.54175317208554,45.026516257445486,65.9540718088375,56.384658296292265,87.20841812768576,17.84120775491551,132.8092646396429,0,0,-1.2506696924442675,Not Significant,0.26194406927177666,Moderate,WHO GHO / DHIMS2 2018-2022,Ghana DHS 2014 (spatially disaggregated),Ghana DHS 2014 (spatially disaggregated),Ghana DHS 2014 / JMP,Ghana DHS 2014 / Census 2021,2022,v1.1 | May 2026 (Guan added),6.56465915,-1.25347851347396
171,KINTAMPO NORTH MUNICIPAL,BONO EAST,Transitional Forest-Savannah,261-district (Ghana 2018 administrative),167.7,45.56454125316269,35.45293067389434,61.65471216672321,52.73318534995183,96.01508019306108,30.78453419016886,45.76542218898723,1,0,0.15690974256279214,Not Significant,0.6212670741816728,High,WHO GHO / DHIMS2 2018-2022,Ghana DHS 2014 (spatially disaggregated),Ghana DHS 2014 (spatially disaggregated),Ghana DHS 2014 / JMP,Ghana DHS 2014 / Census 2021,2022,v1.1 | May 2026 (Guan added),8.053714,-1.728919
172,ASOKORE MAMPONG MUNICIPAL,ASHANTI,Coastal/Urban,261-district (Ghana 2018 administrative),114.7,16.939782154184094,46.737241401261734,87.5013245234635,53.075227113753726,50.50194380828463,25.790804753707384,167.04734088182494,0,0,-1.3370983782066184,Not Significant,0.06790349691938417,Very Low,WHO GHO / DHIMS2 2018-2022,Ghana DHS 2014 (spatially disaggregated),Ghana DHS 2014 (spatially disaggregated),Ghana DHS 2014 / JMP,Ghana DHS 2014 / Census 2021,2022,v1.1 | May 2026 (Guan added),6.7077852,-1.5665013
173,ATEBUBU AMANTIN,BONO EAST,Transitional Forest-Savannah,261-district (Ghana 2018 administrative),156.0,49.46801112082112,30.84883470584218,75.93231373368229,49.785398874853804,105.94644237936512,37.52208245588649,84.51556585403222,1,0,0.021040131181548277,Not Significant,0.5772104185667412,High,WHO GHO / DHIMS2 2018-2022,Ghana DHS 2014 (spatially disaggregated),Ghana DHS 2014 (spatially disaggregated),Ghana DHS 2014 / JMP,Ghana DHS 2014 / Census 2021,2022,v1.1 | May 2026 (Guan added),7.72813859999999,-1.09550967027384
174,KWADASO MUNICIPAL,ASHANTI,Coastal/Urban,261-district (Ghana 2018 administrative),128.9,23.490011384728255,55.3261246329882,86.47017975914062,61.91371018064011,61.7810409672037,23.14595017183206,126.12771701679748,0,0,-1.170746391631771,Not Significant,0.0346726667721786,Very Low,WHO GHO / DHIMS2 2018-2022,Ghana DHS 2014 (spatially disaggregated),Ghana DHS 2014 (spatially disaggregated),Ghana DHS 2014 / JMP,Ghana DHS 2014 / Census 2021,2022,v1.1 | May 2026 (Guan added),6.68059249999999,-1.67467000057054
175,KPANDAI,NORTHERN,Guinea/Sudan Savannah,261-district (Ghana 2018 administrative),339.4,60.61964760953464,22.42814669731516,60.50031846686615,24.16097645301959,117.28092429465637,55.471902005009014,70.2203753803487,0,4,3.4118326351870674,Hotspot 99.9%,0.4062477193217734,Moderate,WHO GHO / DHIMS2 2018-2022,Ghana DHS 2014 (spatially disaggregated),Ghana DHS 2014 (spatially disaggregated),Ghana DHS 2014 / JMP,Ghana DHS 2014 / Census 2021,2022,v1.1 | May 2026 (Guan added),8.4635789,-0.0119853
176,EJISU MUNICIPAL,ASHANTI,Coastal/Urban,261-district (Ghana 2018 administrative),107.4,22.34962966021131,53.76647989260016,85.5535716403054,66.71813005712627,67.99442052629976,16.40191994266007,357.0198086965712,0,0,-1.4467605816470206,Not Significant,0.0012727272727272728,Very Low,WHO GHO / DHIMS2 2018-2022,Ghana DHS 2014 (spatially disaggregated),Ghana DHS 2014 (spatially disaggregated),Ghana DHS 2014 / JMP,Ghana DHS 2014 / Census 2021,2022,v1.1 | May 2026 (Guan added),6.7139918,-1.4665782
177,NKWANTA NORTH,OTI,Transitional Forest-Savannah,261-district (Ghana 2018 administrative),202.3,37.506778220764545,44.56527018039481,67.04192395876596,43.11705598610325,149.57037923796852,34.046006571128146,316.911938240494,1,4,1.543671945730319,Not Significant,0.5219098347432704,High,WHO GHO / DHIMS2 2018-2022,Ghana DHS 2014 (spatially disaggregated),Ghana DHS 2014 (spatially disaggregated),Ghana DHS 2014 / JMP,Ghana DHS 2014 / Census 2021,2022,v1.1 | May 2026 (Guan added),8.4892994,0.3094664
178,BIAKOYE,OTI,Transitional Forest-Savannah,261-district (Ghana 2018 administrative),211.4,41.3836141570471,46.34781119749354,65.78244634735442,44.58351404833132,141.79064781828512,35.95376899186646,105.51835424660155,1,0,1.1213330613787018,Not Significant,0.5301684878755217,High,WHO GHO / DHIMS2 2018-2022,Ghana DHS 2014 (spatially disaggregated),Ghana DHS 2014 (spatially disaggregated),Ghana DHS 2014 / JMP,Ghana DHS 2014 / Census 2021,2022,v1.1 | May 2026 (Guan added),7.39217985,0.262973639210098
179,WASSA AMENFI EAST,WESTERN,Forest,261-district (Ghana 2018 administrative),126.2,30.501117531130042,54.13222781625315,68.05546411347022,56.63922282286232,82.17552552089009,27.089736838166957,241.30805902702414,0,0,-1.0768829802124447,Not Significant,0.4122260736431998,Moderate,WHO GHO / DHIMS2 2018-2022,Ghana DHS 2014 (spatially disaggregated),Ghana DHS 2014 (spatially disaggregated),Ghana DHS 2014 / JMP,Ghana DHS 2014 / Census 2021,2022,v1.1 | May 2026 (Guan added),5.87660585,-1.98975398510416
180,CENTRAL GONJA,SAVANNAH,Guinea/Sudan Savannah,261-district (Ghana 2018 administrative),292.8,51.8586503354003,26.634017226580184,60.0540448577855,33.35096603377599,166.57156956104373,49.68272046875636,251.32849465649164,1,4,3.61126915093546,Hotspot 99.9%,0.5672251973735681,High,WHO GHO / DHIMS2 2018-2022,Ghana DHS 2014 (spatially disaggregated),Ghana DHS 2014 (spatially disaggregated),Ghana DHS 2014 / JMP,Ghana DHS 2014 / Census 2021,2022,v1.1 | May 2026 (Guan added),8.93715119999999,-1.10983922943129
181,TEMA WEST MUNICIPAL,GREATER ACCRA,Coastal/Urban,261-district (Ghana 2018 administrative),72.2,20.42125973167161,54.3880520061778,80.32592330535574,79.79209707956213,44.02312998436343,11.653240959887396,236.90962040803066,0,2,-2.8035980140452166,Coldspot 99%,0.0049395763079973605,Very Low,WHO GHO / DHIMS2 2018-2022,Ghana DHS 2014 (spatially disaggregated),Ghana DHS 2014 (spatially disaggregated),Ghana DHS 2014 / JMP,Ghana DHS 2014 / Census 2021,2022,v1.1 | May 2026 (Guan added),5.65076355,-0.0688760444019398
182,ASHAIMAN MUNICIPAL,GREATER ACCRA,Coastal/Urban,261-district (Ghana 2018 administrative),78.4,9.92425095080503,60.15392400029822,95.81092463597993,81.74050587096859,97.57406474867555,12.095889982603504,-22.627698530306375,0,2,-2.739473505253795,Coldspot 99%,0.06862784382850873,Very Low,WHO GHO / DHIMS2 2018-2022,Ghana DHS 2014 (spatially disaggregated),Ghana DHS 2014 (spatially disaggregated),Ghana DHS 2014 / JMP,Ghana DHS 2014 / Census 2021,2022,v1.1 | May 2026 (Guan added),5.6993574,-0.0348533202566188
183,PRU EAST,BONO EAST,Transitional Forest-Savannah,261-district (Ghana 2018 administrative),181.6,40.880364788928205,45.15180025673611,73.064003933224,39.32437376848419,83.41252187100721,29.25632320561847,135.8251700813286,0,0,0.3070912008337161,Not Significant,0.4742458181391578,Moderate,WHO GHO / DHIMS2 2018-2022,Ghana DHS 2014 (spatially disaggregated),Ghana DHS 2014 (spatially disaggregated),Ghana DHS 2014 / JMP,Ghana DHS 2014 / Census 2021,2022,v1.1 | May 2026 (Guan added),7.9636217,-0.9549861
184,KPONE KATAMANSO,GREATER ACCRA,Coastal/Urban,261-district (Ghana 2018 administrative),58.7,16.75614098115127,67.10895486592871,94.48023178206434,71.35402658372824,57.97748220540054,16.686225802910258,76.03897849652485,0,2,-2.978871671408436,Coldspot 99%,0.003890118577075099,Very Low,WHO GHO / DHIMS2 2018-2022,Ghana DHS 2014 (spatially disaggregated),Ghana DHS 2014 (spatially disaggregated),Ghana DHS 2014 / JMP,Ghana DHS 2014 / Census 2021,2022,v1.1 | May 2026 (Guan added),5.77159775,-0.0733651054089466
185,SAVELUGU,NORTHERN,Guinea/Sudan Savannah,261-district (Ghana 2018 administrative),281.4,58.78934034719769,23.4790999866679,60.358085735604696,35.87242623577762,138.99390876722208,48.58174780835078,118.3959020758405,1,4,3.644725416391854,Hotspot 99.9%,0.6630684595907735,High,WHO GHO / DHIMS2 2018-2022,Ghana DHS 2014 (spatially disaggregated),Ghana DHS 2014 (spatially disaggregated),Ghana DHS 2014 / JMP,Ghana DHS 2014 / Census 2021,2022,v1.1 | May 2026 (Guan added),9.6260647,-0.8258943
186,TAMALE METROPOLITAN,NORTHERN,Guinea/Sudan Savannah,261-district (Ghana 2018 administrative),304.5,59.758130232615784,43.87315696073925,58.664343985547546,36.606453123749695,144.8208378130278,46.39798187876976,50.99877524834315,1,4,3.815352370219461,Hotspot 99.9%,0.5586453272334178,High,WHO GHO / DHIMS2 2018-2022,Ghana DHS 2014 (spatially disaggregated),Ghana DHS 2014 (spatially disaggregated),Ghana DHS 2014 / JMP,Ghana DHS 2014 / Census 2021,2022,v1.1 | May 2026 (Guan added),9.40078,-0.8393
187,SAGNERIGU,NORTHERN,Guinea/Sudan Savannah,261-district (Ghana 2018 administrative),243.8,65.27235739739633,23.712777133596905,76.06864812346682,32.89002433780312,150.08047240144597,55.450691882234935,744.1172390350159,0,4,2.907386499361218,Hotspot 99%,0.3821070222818021,Moderate,WHO GHO / DHIMS2 2018-2022,Ghana DHS 2014 (spatially disaggregated),Ghana DHS 2014 (spatially disaggregated),Ghana DHS 2014 / JMP,Ghana DHS 2014 / Census 2021,2022,v1.1 | May 2026 (Guan added),9.403882578124998,-0.3346470071005708
188,KARAGA,NORTHERN,Guinea/Sudan Savannah,261-district (Ghana 2018 administrative),340.7,65.24480548556483,37.802665802225086,63.38378063064016,37.10227311822765,125.2314148132062,48.17121199768423,93.6289775518904,1,4,4.21645581941334,Hotspot 99.9%,0.6716777102273785,High,WHO GHO / DHIMS2 2018-2022,Ghana DHS 2014 (spatially disaggregated),Ghana DHS 2014 (spatially disaggregated),Ghana DHS 2014 / JMP,Ghana DHS 2014 / Census 2021,2022,v1.1 | May 2026 (Guan added),9.9267799,-0.4316607
189,NORTH EAST GONJA,SAVANNAH,Guinea/Sudan Savannah,261-district (Ghana 2018 administrative),263.1,52.58314373877899,35.354748263567146,64.20831119489982,32.95641550453227,161.3165536786088,45.22513132424833,120.51575105836989,1,4,3.0604418029711087,Hotspot 99%,0.7569917960746168,Very High,WHO GHO / DHIMS2 2018-2022,Ghana DHS 2014 (spatially disaggregated),Ghana DHS 2014 (spatially disaggregated),Ghana DHS 2014 / JMP,Ghana DHS 2014 / Census 2021,2022,v1.1 | May 2026 (Guan added),8.98787705,-0.403868101269744
190,SOUTH DAYI,VOLTA,Transitional Forest-Savannah,261-district (Ghana 2018 administrative),169.9,23.57986866625373,39.17206873708795,65.53532347560936,54.926172944591414,92.9251776102953,29.734094474560244,692.4601310060525,0,0,0.2652708690132238,Not Significant,0.3762710767168771,Moderate,WHO GHO / DHIMS2 2018-2022,Ghana DHS 2014 (spatially disaggregated),Ghana DHS 2014 (spatially disaggregated),Ghana DHS 2014 / JMP,Ghana DHS 2014 / Census 2021,2022,v1.1 | May 2026 (Guan added),6.5449087,0.240546020283373
191,TEMPANE,UPPER EAST,Guinea/Sudan Savannah,261-district (Ghana 2018 administrative),222.8,26.91798413747566,47.39844063138988,55.8044466929852,43.578987868988136,140.23653564432857,42.310873025150244,581.0373182973339,1,0,1.684745865071446,Not Significant,0.5598526472029992,High,WHO GHO / DHIMS2 2018-2022,Ghana DHS 2014 (spatially disaggregated),Ghana DHS 2014 (spatially disaggregated),Ghana DHS 2014 / JMP,Ghana DHS 2014 / Census 2021,2022,v1.1 | May 2026 (Guan added),10.9030714,-0.0914351270233069
192,BOLGA  EAST,UPPER EAST,Guinea/Sudan Savannah,261-district (Ghana 2018 administrative),183.9,14.810859451572572,51.734536791067214,49.53641726076435,46.87491108532542,126.37326780413011,34.00321595274656,116.96694701572213,0,1,-1.04079891200842,Not Significant,0.4303620138972368,Moderate,WHO GHO / DHIMS2 2018-2022,Ghana DHS 2014 (spatially disaggregated),Ghana DHS 2014 (spatially disaggregated),Ghana DHS 2014 / JMP,Ghana DHS 2014 / Census 2021,2022,v1.1 | May 2026 (Guan added),5.669162,-0.333376
193,YUNYOO-NASUAN,NORTHERN EAST,Guinea/Sudan Savannah,261-district (Ghana 2018 administrative),284.9,57.261993745687455,24.341844929131803,42.75820464817209,37.3213725234894,164.50270758527026,54.599826710693435,57.789347947957815,1,0,3.1848876345078616,Hotspot 99%,0.5718486912227893,High,WHO GHO / DHIMS2 2018-2022,Ghana DHS 2014 (spatially disaggregated),Ghana DHS 2014 (spatially disaggregated),Ghana DHS 2014 / JMP,Ghana DHS 2014 / Census 2021,2022,v1.1 | May 2026 (Guan added),10.373800133333315,-0.4091381559113571
194,NANTON,NORTHERN,Guinea/Sudan Savannah,261-district (Ghana 2018 administrative),268.7,61.0988705656631,25.09214189453847,57.938239414668764,43.48360346008363,150.069661508282,49.88722471578565,72.75825296854342,1,4,3.4644333192101757,Hotspot 99.9%,0.6950905072800045,High,WHO GHO / DHIMS2 2018-2022,Ghana DHS 2014 (spatially disaggregated),Ghana DHS 2014 (spatially disaggregated),Ghana DHS 2014 / JMP,Ghana DHS 2014 / Census 2021,2022,v1.1 | May 2026 (Guan added),9.55848269999999,-0.710728600167338
195,ASSIN FOSU,CENTRAL,Forest,261-district (Ghana 2018 administrative),139.2,42.317915041985906,36.71263328381304,74.19551468256589,60.924842959560976,107.20411130614562,33.26609454647202,126.03484221169924,1,3,-0.4811987560790721,Not Significant,0.5619171097377155,High,WHO GHO / DHIMS2 2018-2022,Ghana DHS 2014 (spatially disaggregated),Ghana DHS 2014 (spatially disaggregated),Ghana DHS 2014 / JMP,Ghana DHS 2014 / Census 2021,2022,v1.1 | May 2026 (Guan added),5.478649699999997,-1.13574812718209
196,GOMOA CENTRAL,CENTRAL,Forest,261-district (Ghana 2018 administrative),154.6,43.10201028335547,16.302877163664586,79.25241726329452,59.203207674970415,104.06699312049575,28.284692213464147,252.54899175291104,1,0,-0.6900913779082458,Not Significant,0.5252041101064843,High,WHO GHO / DHIMS2 2018-2022,Ghana DHS 2014 (spatially disaggregated),Ghana DHS 2014 (spatially disaggregated),Ghana DHS 2014 / JMP,Ghana DHS 2014 / Census 2021,2022,v1.1 | May 2026 (Guan added),5.47699369999999,-0.589745989100534
197,PRU WEST,BONO EAST,Transitional Forest-Savannah,261-district (Ghana 2018 administrative),139.9,36.78169446393886,38.78317808589741,60.040854305076046,48.640426827500015,84.07506912201283,30.815027074180843,75.95277782849276,1,0,-0.04587239973123948,Not Significant,0.5423160045281702,High,WHO GHO / DHIMS2 2018-2022,Ghana DHS 2014 (spatially disaggregated),Ghana DHS 2014 (spatially disaggregated),Ghana DHS 2014 / JMP,Ghana DHS 2014 / Census 2021,2022,v1.1 | May 2026 (Guan added),8.03487795,-1.31329234137589
198,BEREKUM WEST,BONO,Transitional Forest-Savannah,261-district (Ghana 2018 administrative),144.0,49.08031201986433,26.106974654798652,65.56571684312932,43.00051309423934,115.35804614479116,28.573266796150655,131.70342217152117,0,0,-0.10311978728995738,Not Significant,0.4961826244121363,Moderate,WHO GHO / DHIMS2 2018-2022,Ghana DHS 2014 (spatially disaggregated),Ghana DHS 2014 (spatially disaggregated),Ghana DHS 2014 / JMP,Ghana DHS 2014 / Census 2021,2022,v1.1 | May 2026 (Guan added),7.47199419999999,-2.71078914019081
199,AHAFO ANO SOUTH WEST,ASHANTI,Coastal/Urban,261-district (Ghana 2018 administrative),125.1,21.881390281328713,45.530322452597,81.03209217129185,57.228471581926065,80.63965029331347,19.727497896241363,-25.61983972385251,0,0,-1.1142424766387506,Not Significant,0.027586359546668136,Very Low,WHO GHO / DHIMS2 2018-2022,Ghana DHS 2014 (spatially disaggregated),Ghana DHS 2014 (spatially disaggregated),Ghana DHS 2014 / JMP,Ghana DHS 2014 / Census 2021,2022,v1.1 | May 2026 (Guan added),6.8289788,-2.00038660056909
200,AMANSIE SOUTH,ASHANTI,Coastal/Urban,261-district (Ghana 2018 administrative),125.2,27.93343002996061,27.36909366854742,74.12522014698516,65.65544327927101,108.69720211029399,23.20036776643356,-63.17590582028183,0,0,-1.1701887872074979,Not Significant,0.24494945387145375,Very Low,WHO GHO / DHIMS2 2018-2022,Ghana DHS 2014 (spatially disaggregated),Ghana DHS 2014 (spatially disaggregated),Ghana DHS 2014 / JMP,Ghana DHS 2014 / Census 2021,2022,v1.1 | May 2026 (Guan added),6.30802585,-2.01186652006877
201,ATWIMA NWABIAGYA NORTH,ASHANTI,Coastal/Urban,261-district (Ghana 2018 administrative),117.8,26.728978369016314,46.12552431313723,73.30861931125493,57.171385652443014,58.27182582808786,20.712719484441248,564.7591182591648,0,0,-1.3426744224493508,Not Significant,0.13099365265875446,Very Low,WHO GHO / DHIMS2 2018-2022,Ghana DHS 2014 (spatially disaggregated),Ghana DHS 2014 (spatially disaggregated),Ghana DHS 2014 / JMP,Ghana DHS 2014 / Census 2021,2022,v1.1 | May 2026 (Guan added),6.87764335,-1.74489585317473
202,ADANSI AKROFUOM,ASHANTI,Coastal/Urban,261-district (Ghana 2018 administrative),123.9,17.984376325903813,47.192050214212536,73.5010777421115,68.93549631211489,74.59142736174176,22.493337640423384,1965.3413134584853,0,0,-1.1895190739156363,Not Significant,0.13252208522189657,Very Low,WHO GHO / DHIMS2 2018-2022,Ghana DHS 2014 (spatially disaggregated),Ghana DHS 2014 (spatially disaggregated),Ghana DHS 2014 / JMP,Ghana DHS 2014 / Census 2021,2022,v1.1 | May 2026 (Guan added),6.03262245,-1.67136425707588
203,ADANSI NORTH,ASHANTI,Coastal/Urban,261-district (Ghana 2018 administrative),123.6,17.042293994885302,44.26365030559853,87.6226875462676,61.60744001269087,49.07707182207544,23.775008930843608,134.4431941333478,0,0,-1.1900766783399095,Not Significant,0.037611633535539785,Very Low,WHO GHO / DHIMS2 2018-2022,Ghana DHS 2014 (spatially disaggregated),Ghana DHS 2014 (spatially disaggregated),Ghana DHS 2014 / JMP,Ghana DHS 2014 / Census 2021,2022,v1.1 | May 2026 (Guan added),6.3006124,-1.5897139446089
204,OBUASI EAST,ASHANTI,Coastal/Urban,261-district (Ghana 2018 administrative),142.5,25.72884906686096,46.7377485993254,90.7322225064344,65.58432090380104,97.91420918194976,22.16332423055337,2.1931554602581684,0,0,-0.9155494334560561,Not Significant,0.12314146418825424,Very Low,WHO GHO / DHIMS2 2018-2022,Ghana DHS 2014 (spatially disaggregated),Ghana DHS 2014 (spatially disaggregated),Ghana DHS 2014 / JMP,Ghana DHS 2014 / Census 2021,2022,v1.1 | May 2026 (Guan added),6.1796409,-1.60356394182495
205,AFIGYA KWABRE NORTH,ASHANTI,Coastal/Urban,261-district (Ghana 2018 administrative),112.3,29.098554062112754,43.18260950655085,77.64867911808899,54.08456003923895,91.28032548433261,26.995976720062952,135.3013720550813,0,2,-1.5614412249058822,Not Significant,0.31716453549409207,Moderate,WHO GHO / DHIMS2 2018-2022,Ghana DHS 2014 (spatially disaggregated),Ghana DHS 2014 (spatially disaggregated),Ghana DHS 2014 / JMP,Ghana DHS 2014 / Census 2021,2022,v1.1 | May 2026 (Guan added),7.03891495,-1.62667127242319
206,KUMASI METROPOLITAN,ASHANTI,Coastal/Urban,261-district (Ghana 2018 administrative),120.3,31.000670124955118,44.717682985295454,83.1698555727413,53.011783886412545,81.69405443516352,19.805478926983398,435.6732851531724,0,0,-1.2424914942215937,Not Significant,0.1859199451140884,Very Low,WHO GHO / DHIMS2 2018-2022,Ghana DHS 2014 (spatially disaggregated),Ghana DHS 2014 (spatially disaggregated),Ghana DHS 2014 / JMP,Ghana DHS 2014 / Census 2021,2022,v1.1 | May 2026 (Guan added),6.698152,-1.621229
207,OFORIKROM MUNICIPAL,ASHANTI,Coastal/Urban,261-district (Ghana 2018 administrative),134.2,35.62885300255735,52.96135147331664,84.19932715224921,65.0082835920857,78.47307861206909,21.11130824731301,95.09055030678938,0,0,-1.101603443021891,Not Significant,0.21536744753226056,Very Low,WHO GHO / DHIMS2 2018-2022,Ghana DHS 2014 (spatially disaggregated),Ghana DHS 2014 (spatially disaggregated),Ghana DHS 2014 / JMP,Ghana DHS 2014 / Census 2021,2022,v1.1 | May 2026 (Guan added),6.672717,-1.5504236985326
208,ASOKWA  MUNICIPAL,ASHANTI,Coastal/Urban,261-district (Ghana 2018 administrative),122.0,25.624275975154088,36.97581324715318,84.58012689677311,73.8953613551184,70.05389169299721,13.951315196547945,136.56295673304507,0,0,-1.2203731853920887,Not Significant,0.06652947460806768,Very Low,WHO GHO / DHIMS2 2018-2022,Ghana DHS 2014 (spatially disaggregated),Ghana DHS 2014 (spatially disaggregated),Ghana DHS 2014 / JMP,Ghana DHS 2014 / Census 2021,2022,v1.1 | May 2026 (Guan added),6.6739843,-1.6026178
209,OLD TAFO MUNICIPAL,ASHANTI,Coastal/Urban,261-district (Ghana 2018 administrative),135.6,23.010004358057305,36.128631055826766,77.1760408603641,66.59415624169722,91.3350794116071,22.51485756789293,229.01626342769515,0,2,-1.0991871571833736,Not Significant,0.20467152529285565,Very Low,WHO GHO / DHIMS2 2018-2022,Ghana DHS 2014 (spatially disaggregated),Ghana DHS 2014 (spatially disaggregated),Ghana DHS 2014 / JMP,Ghana DHS 2014 / Census 2021,2022,v1.1 | May 2026 (Guan added),6.74083555,-1.60465968075918
210,SUAME MUNICIPAL,ASHANTI,Coastal/Urban,261-district (Ghana 2018 administrative),115.3,16.15725147972276,60.891781279022325,78.68145472315067,72.22547370001017,102.77468894064107,23.76257034739917,4.1949282057081945,0,0,-1.3633057861474605,Not Significant,0.13069597432676552,Very Low,WHO GHO / DHIMS2 2018-2022,Ghana DHS 2014 (spatially disaggregated),Ghana DHS 2014 (spatially disaggregated),Ghana DHS 2014 / JMP,Ghana DHS 2014 / Census 2021,2022,v1.1 | May 2026 (Guan added),6.738487,-1.62476687694823
211,JUABEN MUNICIPAL,ASHANTI,Coastal/Urban,261-district (Ghana 2018 administrative),124.8,21.673995868469614,37.990828227528525,79.59437839702353,54.81162075373914,97.48455473347042,20.667040549862584,239.86065985417318,0,0,-0.6643032188647781,Not Significant,0.1808753039952025,Very Low,WHO GHO / DHIMS2 2018-2022,Ghana DHS 2014 (spatially disaggregated),Ghana DHS 2014 (spatially disaggregated),Ghana DHS 2014 / JMP,Ghana DHS 2014 / Census 2021,2022,v1.1 | May 2026 (Guan added),6.0721368,-0.260652306105858
212,ABLEKUMA CENTRAL MUNICIPAL,GREATER ACCRA,Coastal/Urban,261-district (Ghana 2018 administrative),68.1,12.652529441322457,59.94766715761612,88.27244203336254,84.88836066415467,42.39565495524415,12.119833049891035,668.1163208017692,0,2,-2.9974584855508772,Coldspot 99%,0.013950232526922832,Very Low,WHO GHO / DHIMS2 2018-2022,Ghana DHS 2014 (spatially disaggregated),Ghana DHS 2014 (spatially disaggregated),Ghana DHS 2014 / JMP,Ghana DHS 2014 / Census 2021,2022,v1.1 | May 2026 (Guan added),5.5541808,-0.24078224491606
213,KORLE KLOTTEY MUNICIPAL,GREATER ACCRA,Coastal/Urban,261-district (Ghana 2018 administrative),54.2,7.541073202624171,59.595830019720985,89.93504399508352,81.87766201676652,62.14891781396399,13.773626173607484,383.8884432759391,0,2,-3.1539594606302304,Coldspot 99%,0.0031761920278049315,Very Low,WHO GHO / DHIMS2 2018-2022,Ghana DHS 2014 (spatially disaggregated),Ghana DHS 2014 (spatially disaggregated),Ghana DHS 2014 / JMP,Ghana DHS 2014 / Census 2021,2022,v1.1 | May 2026 (Guan added),5.55901944999999,-0.19823054970895
214,ABLEKUMA NORTH MUNICIPAL,GREATER ACCRA,Coastal/Urban,261-district (Ghana 2018 administrative),69.4,9.342724000574433,63.00470161442618,100.00393547950986,75.67872092683278,35.80540570194806,13.420314973591223,145.21494803196612,0,2,-2.9587979121345995,Coldspot 99%,0.0022428586944715978,Very Low,WHO GHO / DHIMS2 2018-2022,Ghana DHS 2014 (spatially disaggregated),Ghana DHS 2014 (spatially disaggregated),Ghana DHS 2014 / JMP,Ghana DHS 2014 / Census 2021,2022,v1.1 | May 2026 (Guan added),5.58719365,-0.263259064824942
215,AYAWASO NORTH MUNICIPAL,GREATER ACCRA,Coastal/Urban,261-district (Ghana 2018 administrative),41.5,16.103818024834723,48.86135582310227,90.38730214885234,82.85866807171537,66.29244427854245,15.521647909839347,45.678715075047414,0,2,-3.310832171992433,Coldspot 99.9%,0.002461182281216237,Very Low,WHO GHO / DHIMS2 2018-2022,Ghana DHS 2014 (spatially disaggregated),Ghana DHS 2014 (spatially disaggregated),Ghana DHS 2014 / JMP,Ghana DHS 2014 / Census 2021,2022,v1.1 | May 2026 (Guan added),5.5908829,-0.199044848506062
216,AYAWASO EAST MUNICIPAL,GREATER ACCRA,Coastal/Urban,261-district (Ghana 2018 administrative),70.5,10.284623359641675,59.45513491007859,92.08849590885922,70.07247221754733,80.21161212502224,11.30633656091613,340.6596487336721,0,2,-2.922181888273991,Coldspot 99%,0.017931604245225687,Very Low,WHO GHO / DHIMS2 2018-2022,Ghana DHS 2014 (spatially disaggregated),Ghana DHS 2014 (spatially disaggregated),Ghana DHS 2014 / JMP,Ghana DHS 2014 / Census 2021,2022,v1.1 | May 2026 (Guan added),5.5828425,-0.194266228463183
217,OKAIKWEI NORTH MUNICIPAL,GREATER ACCRA,Coastal/Urban,261-district (Ghana 2018 administrative),69.0,22.166872790973564,51.091145433992224,88.87812548842338,80.42069514605768,47.03941885302026,12.561720814591805,9.95848053018183,0,2,-2.7611205143607416,Coldspot 99%,0.0007368421052631578,Very Low,WHO GHO / DHIMS2 2018-2022,Ghana DHS 2014 (spatially disaggregated),Ghana DHS 2014 (spatially disaggregated),Ghana DHS 2014 / JMP,Ghana DHS 2014 / Census 2021,2022,v1.1 | May 2026 (Guan added),5.653307048275861,-0.1885558633617898
218,GA NORTH MUNICIPAL,GREATER ACCRA,Coastal/Urban,261-district (Ghana 2018 administrative),53.6,2.886583019423166,60.30809968653058,100.81668792849179,79.99229431643485,56.96496304716656,13.314061662406447,441.0450286011266,0,2,-2.7467190397596184,Coldspot 99%,0.00878485003646294,Very Low,WHO GHO / DHIMS2 2018-2022,Ghana DHS 2014 (spatially disaggregated),Ghana DHS 2014 (spatially disaggregated),Ghana DHS 2014 / JMP,Ghana DHS 2014 / Census 2021,2022,v1.1 | May 2026 (Guan added),5.669162,-0.333376
219,WEIJA GBAWE MUNICIPAL,GREATER ACCRA,Coastal/Urban,261-district (Ghana 2018 administrative),55.0,11.489472943828329,65.19037914260834,91.63942449446897,79.19719858606139,68.68353500449423,3.517044585340483,327.7013115976826,0,2,-3.148197548246074,Coldspot 99%,0.0031761920278049315,Very Low,WHO GHO / DHIMS2 2018-2022,Ghana DHS 2014 (spatially disaggregated),Ghana DHS 2014 (spatially disaggregated),Ghana DHS 2014 / JMP,Ghana DHS 2014 / Census 2021,2022,v1.1 | May 2026 (Guan added),5.55414475,-0.296466750643799
220,KROWOR MUNICIPAL,GREATER ACCRA,Coastal/Urban,261-district (Ghana 2018 administrative),57.9,6.410733324758174,56.65069059837729,97.11621904186636,75.61380983282027,68.77561887903289,15.994779150144153,470.8380514495456,0,2,-3.0091681784606146,Coldspot 99%,0.010561130097972205,Very Low,WHO GHO / DHIMS2 2018-2022,Ghana DHS 2014 (spatially disaggregated),Ghana DHS 2014 (spatially disaggregated),Ghana DHS 2014 / JMP,Ghana DHS 2014 / Census 2021,2022,v1.1 | May 2026 (Guan added),5.60941925,-0.0769277820845922
221,TEMA METROPOLITAN,GREATER ACCRA,Coastal/Urban,261-district (Ghana 2018 administrative),82.7,16.64004142685283,56.691625982047135,79.95347989912628,76.85763909053829,49.24278315370244,18.052817892913897,219.01446670781084,0,2,-2.6861293486649895,Coldspot 99%,0.0028330987897551368,Very Low,WHO GHO / DHIMS2 2018-2022,Ghana DHS 2014 (spatially disaggregated),Ghana DHS 2014 (spatially disaggregated),Ghana DHS 2014 / JMP,Ghana DHS 2014 / Census 2021,2022,v1.1 | May 2026 (Guan added),5.6698,-0.01657
222,EAST GONJA MUNICIPAL,SAVANNAH,Guinea/Sudan Savannah,261-district (Ghana 2018 administrative),271.5,59.8326467237942,27.811320006991956,68.45934081299333,30.0420510175811,147.3038309058835,47.33216957540269,41.79678490912851,0,4,2.182129011523169,Hotspot 95%,0.4191795338874196,Moderate,WHO GHO / DHIMS2 2018-2022,Ghana DHS 2014 (spatially disaggregated),Ghana DHS 2014 (spatially disaggregated),Ghana DHS 2014 / JMP,Ghana DHS 2014 / Census 2021,2022,v1.1 | May 2026 (Guan added),8.347473,-0.7895018232454
223,ABLEKUMA WEST MUNICIPAL,GREATER ACCRA,Coastal/Urban,261-district (Ghana 2018 administrative),58.4,10.311041753750578,53.21871569742689,87.19148812365059,68.52499483714178,53.87948480318614,7.788380480100715,253.4930228484191,0,2,-3.1236629535780516,Coldspot 99%,0.001813765182186235,Very Low,WHO GHO / DHIMS2 2018-2022,Ghana DHS 2014 (spatially disaggregated),Ghana DHS 2014 (spatially disaggregated),Ghana DHS 2014 / JMP,Ghana DHS 2014 / Census 2021,2022,v1.1 | May 2026 (Guan added),5.5431939,-0.26615017413473
224,AYAWASO CENTRAL MUNICIPAL,GREATER ACCRA,Coastal/Urban,261-district (Ghana 2018 administrative),65.9,4.125902614432938,50.317311855184165,83.5100653273132,78.46003675327515,73.58433767366965,4.993176636782748,201.4947134871005,0,2,-2.9939269908638133,Coldspot 99%,0.007997291322368722,Very Low,WHO GHO / DHIMS2 2018-2022,Ghana DHS 2014 (spatially disaggregated),Ghana DHS 2014 (spatially disaggregated),Ghana DHS 2014 / JMP,Ghana DHS 2014 / Census 2021,2022,v1.1 | May 2026 (Guan added),5.59137939999999,-0.212668442666915
225,ACCRA METROPOLIS,GREATER ACCRA,Coastal/Urban,261-district (Ghana 2018 administrative),63.3,15.153972888589163,56.29444507843926,88.51757522250911,77.30455888225552,52.008475159182495,15.781700849541815,119.7745145435663,0,2,-3.0058225519149757,Coldspot 99%,0.002206060606060606,Very Low,WHO GHO / DHIMS2 2018-2022,Ghana DHS 2014 (spatially disaggregated),Ghana DHS 2014 (spatially disaggregated),Ghana DHS 2014 / JMP,Ghana DHS 2014 / Census 2021,2022,v1.1 | May 2026 (Guan added),5.653307048275861,-0.1885558633617898
226,ANLOGA,VOLTA,Transitional Forest-Savannah,261-district (Ghana 2018 administrative),224.9,34.97431898716049,34.9318916859695,62.63694477247428,37.06470687424135,64.79427585581276,33.57528033900444,201.0289719202898,1,0,0.7002023199463442,Not Significant,0.6612098947680382,High,WHO GHO / DHIMS2 2018-2022,Ghana DHS 2014 (spatially disaggregated),Ghana DHS 2014 (spatially disaggregated),Ghana DHS 2014 / JMP,Ghana DHS 2014 / Census 2021,2022,v1.1 | May 2026 (Guan added),5.7936484,0.8984702
227,SEKONDI TAKORADI METROPOLIS,WESTERN,Forest,261-district (Ghana 2018 administrative),119.1,46.38132402049503,39.250422883751924,77.93610767234075,66.64043587019873,105.4915872003419,24.170146193021697,46.73465382822819,0,0,-1.122048938578576,Not Significant,0.31331916100479684,Moderate,WHO GHO / DHIMS2 2018-2022,Ghana DHS 2014 (spatially disaggregated),Ghana DHS 2014 (spatially disaggregated),Ghana DHS 2014 / JMP,Ghana DHS 2014 / Census 2021,2022,v1.1 | May 2026 (Guan added),5.271118085714284,-2.041238893063938
228,KWAHU SOUTH,EASTERN,Forest,261-district (Ghana 2018 administrative),115.7,38.36178767799082,37.81621526106573,64.80283559470723,49.0289151606938,97.74383203874477,27.128438784741597,132.46329557264602,1,0,0.3377594441687438,Not Significant,0.5068686528355528,High,WHO GHO / DHIMS2 2018-2022,Ghana DHS 2014 (spatially disaggregated),Ghana DHS 2014 (spatially disaggregated),Ghana DHS 2014 / JMP,Ghana DHS 2014 / Census 2021,2022,v1.1 | May 2026 (Guan added),8.25846,0.508747
229,ASENE AKROSO MANSO,EASTERN,Forest,261-district (Ghana 2018 administrative),150.5,41.90732280571427,33.19461170596707,82.34555084953466,51.962204316306085,102.05467375000649,29.291792375814317,165.77671136288384,1,0,-0.47633592049947143,Not Significant,0.6006688132572421,High,WHO GHO / DHIMS2 2018-2022,Ghana DHS 2014 (spatially disaggregated),Ghana DHS 2014 (spatially disaggregated),Ghana DHS 2014 / JMP,Ghana DHS 2014 / Census 2021,2022,v1.1 | May 2026 (Guan added),6.3185767287878765,-0.4532587647160633
230,UPPER MANYA,EASTERN,Forest,261-district (Ghana 2018 administrative),162.3,42.91184681354125,36.21824395452259,72.54228979290113,47.01266542229948,101.47611393154055,24.937645785710203,75.3358051093726,1,0,-0.2743043455418401,Not Significant,0.5064627213619817,High,WHO GHO / DHIMS2 2018-2022,Ghana DHS 2014 (spatially disaggregated),Ghana DHS 2014 (spatially disaggregated),Ghana DHS 2014 / JMP,Ghana DHS 2014 / Census 2021,2022,v1.1 | May 2026 (Guan added),6.40201115,-0.134429386146108
231,ACHIASE,EASTERN,Forest,261-district (Ghana 2018 administrative),146.1,29.23029765815177,36.76425093238597,72.5761716482689,52.194800584533134,76.85785833684118,31.921614017476777,87.48216622352193,0,3,-0.4031109675489568,Not Significant,0.3222000627564116,Moderate,WHO GHO / DHIMS2 2018-2022,Ghana DHS 2014 (spatially disaggregated),Ghana DHS 2014 (spatially disaggregated),Ghana DHS 2014 / JMP,Ghana DHS 2014 / Census 2021,2022,v1.1 | May 2026 (Guan added),5.8354534,-0.9966928
232,OKERE,EASTERN,Forest,261-district (Ghana 2018 administrative),162.5,43.64695588885025,36.72993849254073,84.9733816073116,44.87382690736386,115.09223974532742,29.77848086222847,84.38506068663237,0,0,-0.46835068518892475,Not Significant,0.38430902521979465,Moderate,WHO GHO / DHIMS2 2018-2022,Ghana DHS 2014 (spatially disaggregated),Ghana DHS 2014 (spatially disaggregated),Ghana DHS 2014 / JMP,Ghana DHS 2014 / Census 2021,2022,v1.1 | May 2026 (Guan added),6.04034605,-0.127770489495342
233,YILO KROBO,EASTERN,Forest,261-district (Ghana 2018 administrative),168.9,37.30388967663695,41.89590591915051,74.21855254866989,53.5654919978442,109.41304547641042,29.152614070601157,32.91403999538626,0,0,-0.2157558809931508,Not Significant,0.31283181608857386,Moderate,WHO GHO / DHIMS2 2018-2022,Ghana DHS 2014 (spatially disaggregated),Ghana DHS 2014 (spatially disaggregated),Ghana DHS 2014 / JMP,Ghana DHS 2014 / Census 2021,2022,v1.1 | May 2026 (Guan added),6.1564095,-0.167401779755807
234,ATIWA WEST,EASTERN,Forest,261-district (Ghana 2018 administrative),167.6,28.508734921440055,51.629043551493055,78.14204267643036,45.865240932173315,92.958025355169,23.954429828171058,49.21539128445025,0,0,-0.26129357564213135,Not Significant,0.17368887679367342,Very Low,WHO GHO / DHIMS2 2018-2022,Ghana DHS 2014 (spatially disaggregated),Ghana DHS 2014 (spatially disaggregated),Ghana DHS 2014 / JMP,Ghana DHS 2014 / Census 2021,2022,v1.1 | May 2026 (Guan added),6.20778059999999,-0.635808682575408
235,NEW JUABEN NORTH MUNICIPAL,EASTERN,Forest,261-district (Ghana 2018 administrative),143.4,43.99361572296924,55.05069312440093,80.08925843978939,48.52438689154283,99.60961876779905,22.97546664478245,84.00089931798136,0,0,-0.47504193828020336,Not Significant,0.3817019641681958,Moderate,WHO GHO / DHIMS2 2018-2022,Ghana DHS 2014 (spatially disaggregated),Ghana DHS 2014 (spatially disaggregated),Ghana DHS 2014 / JMP,Ghana DHS 2014 / Census 2021,2022,v1.1 | May 2026 (Guan added),6.1364245,-0.312846157003848
236,FANTEAKWA NORTH,EASTERN,Forest,261-district (Ghana 2018 administrative),162.5,50.14180619523427,35.96682131256395,67.63159378644046,53.90973259819837,95.28109538184485,25.418002550751172,129.85092128098995,0,0,-0.3109203694024486,Not Significant,0.43401064998794214,Moderate,WHO GHO / DHIMS2 2018-2022,Ghana DHS 2014 (spatially disaggregated),Ghana DHS 2014 (spatially disaggregated),Ghana DHS 2014 / JMP,Ghana DHS 2014 / Census 2021,2022,v1.1 | May 2026 (Guan added),6.49761694999999,-0.362546050326661
237,BIRIM NORTH,EASTERN,Forest,261-district (Ghana 2018 administrative),140.9,37.77665304345787,42.967321342633596,73.42724154779131,46.36681463615384,92.289536044408,25.695129928155676,156.4427245403906,0,0,-0.749383315022633,Not Significant,0.482348353024659,Moderate,WHO GHO / DHIMS2 2018-2022,Ghana DHS 2014 (spatially disaggregated),Ghana DHS 2014 (spatially disaggregated),Ghana DHS 2014 / JMP,Ghana DHS 2014 / Census 2021,2022,v1.1 | May 2026 (Guan added),6.3681437,-1.02271793293055
238,ASUOGYAMAN,EASTERN,Forest,261-district (Ghana 2018 administrative),144.1,50.92891937007187,43.61365420476119,66.97569289350422,60.38314433849777,88.05615226903785,29.435636307412857,205.2354808692481,1,0,-0.2505132234395152,Not Significant,0.6638977662380002,High,WHO GHO / DHIMS2 2018-2022,Ghana DHS 2014 (spatially disaggregated),Ghana DHS 2014 (spatially disaggregated),Ghana DHS 2014 / JMP,Ghana DHS 2014 / Census 2021,2022,v1.1 | May 2026 (Guan added),6.36279085,0.0952598707485648
239,KWAHU EAST,EASTERN,Forest,261-district (Ghana 2018 administrative),146.4,43.78268225586663,27.001656791383432,66.585981904979,46.70031628887889,94.41174631028616,31.227697235245667,910.5400364119048,1,0,-0.7848841300346951,Not Significant,0.6651090312174618,High,WHO GHO / DHIMS2 2018-2022,Ghana DHS 2014 (spatially disaggregated),Ghana DHS 2014 (spatially disaggregated),Ghana DHS 2014 / JMP,Ghana DHS 2014 / Census 2021,2022,v1.1 | May 2026 (Guan added),6.73342465,-0.81009459846416
240,KWAHU WEST,EASTERN,Forest,261-district (Ghana 2018 administrative),157.6,42.456857738413326,31.73629075433515,65.5912198933787,49.765306155381296,92.06743226641345,27.277585688833497,101.33458155126674,1,0,-0.42244125425709483,Not Significant,0.5183101818141201,High,WHO GHO / DHIMS2 2018-2022,Ghana DHS 2014 (spatially disaggregated),Ghana DHS 2014 (spatially disaggregated),Ghana DHS 2014 / JMP,Ghana DHS 2014 / Census 2021,2022,v1.1 | May 2026 (Guan added),6.49118254999999,-0.728456087972531
241,LOWER MANYA,EASTERN,Forest,261-district (Ghana 2018 administrative),118.3,44.649399622115546,33.18534513354155,75.00434063001649,66.0414333090885,81.67233861326888,18.465204083105274,172.13426713660056,0,0,-0.8722421565041681,Not Significant,0.3785281646083387,Moderate,WHO GHO / DHIMS2 2018-2022,Ghana DHS 2014 (spatially disaggregated),Ghana DHS 2014 (spatially disaggregated),Ghana DHS 2014 / JMP,Ghana DHS 2014 / Census 2021,2022,v1.1 | May 2026 (Guan added),6.2127831,-0.0404975690174626
242,NSAWAM ADOAGYIRI,EASTERN,Forest,261-district (Ghana 2018 administrative),164.5,52.311060383604485,29.1534513354155,73.3848189631846,51.6694844806758,89.63899967612551,33.01598234772233,44.96541844873325,1,1,-0.9155494334560561,Not Significant,0.6417585047854442,High,WHO GHO / DHIMS2 2018-2022,Ghana DHS 2014 (spatially disaggregated),Ghana DHS 2014 (spatially disaggregated),Ghana DHS 2014 / JMP,Ghana DHS 2014 / Census 2021,2022,v1.1 | May 2026 (Guan added),5.81791215,-0.36426765
243,AKWAPEM SOUTH,EASTERN,Forest,261-district (Ghana 2018 administrative),151.8,40.439210111902824,47.76929033325007,73.07573070816572,53.151723434675574,90.87692885411144,26.969317919405214,165.70623627311963,1,0,-0.4796886418158128,Not Significant,0.6618591518831574,High,WHO GHO / DHIMS2 2018-2022,Ghana DHS 2014 (spatially disaggregated),Ghana DHS 2014 (spatially disaggregated),Ghana DHS 2014 / JMP,Ghana DHS 2014 / Census 2021,2022,v1.1 | May 2026 (Guan added),6.3185767287878765,-0.4532587647160633
244,DENKYEMBOUR,EASTERN,Forest,261-district (Ghana 2018 administrative),157.3,37.598731588939344,47.90560409648983,72.6515108396256,61.25567734894905,92.56694802286009,22.1397007232017,397.7832325742947,0,0,-0.38730862296525714,Not Significant,0.44340039513286134,Moderate,WHO GHO / DHIMS2 2018-2022,Ghana DHS 2014 (spatially disaggregated),Ghana DHS 2014 (spatially disaggregated),Ghana DHS 2014 / JMP,Ghana DHS 2014 / Census 2021,2022,v1.1 | May 2026 (Guan added),6.3185767287878765,-0.4532587647160633
245,KWAEBIBIREM,EASTERN,Forest,261-district (Ghana 2018 administrative),134.4,38.431456192193174,38.206173153273284,79.58393708297824,38.73603122366995,146.75053636828247,30.56759704154056,101.249972835717,0,0,-0.8023557353285891,Not Significant,0.35691678465061993,Moderate,WHO GHO / DHIMS2 2018-2022,Ghana DHS 2014 (spatially disaggregated),Ghana DHS 2014 (spatially disaggregated),Ghana DHS 2014 / JMP,Ghana DHS 2014 / Census 2021,2022,v1.1 | May 2026 (Guan added),6.23359759999999,-0.87590978580917
246,KWAHU AFRAM PLAINS SOUTH,EASTERN,Forest,261-district (Ghana 2018 administrative),147.2,43.335616489997136,47.34994495909634,75.78793948902408,56.122661000076995,93.38366232965855,27.47667046702432,142.5737677724818,1,0,-0.6335874629152249,Not Significant,0.5313329358541836,High,WHO GHO / DHIMS2 2018-2022,Ghana DHS 2014 (spatially disaggregated),Ghana DHS 2014 (spatially disaggregated),Ghana DHS 2014 / JMP,Ghana DHS 2014 / Census 2021,2022,v1.1 | May 2026 (Guan added),6.8854777,-0.460380290065423
247,KWAHU AFRAM PLAINS NORTH,EASTERN,Forest,261-district (Ghana 2018 administrative),145.1,46.67018432297212,49.361602803178705,57.45223671086103,59.380648422530456,105.20984519735833,27.481734259596085,90.6402918738211,1,0,-0.27504781810753703,Not Significant,0.5166545868566375,High,WHO GHO / DHIMS2 2018-2022,Ghana DHS 2014 (spatially disaggregated),Ghana DHS 2014 (spatially disaggregated),Ghana DHS 2014 / JMP,Ghana DHS 2014 / Census 2021,2022,v1.1 | May 2026 (Guan added),6.8753584,0.0047456123339843
248,SUHUM MUNICIPAL,EASTERN,Forest,261-district (Ghana 2018 administrative),164.9,46.24513784137396,32.71155212343278,75.54731074040312,44.27739930955046,75.5029592764881,23.809625215569195,361.73887180654884,1,0,-0.20943636418472067,Not Significant,0.5243485863446862,High,WHO GHO / DHIMS2 2018-2022,Ghana DHS 2014 (spatially disaggregated),Ghana DHS 2014 (spatially disaggregated),Ghana DHS 2014 / JMP,Ghana DHS 2014 / Census 2021,2022,v1.1 | May 2026 (Guan added),6.035885,-0.4552751
249,AYENSUANO,EASTERN,Forest,261-district (Ghana 2018 administrative),162.3,42.63270756377119,47.699541025023855,77.39686786552784,45.43020414402585,109.02539709113827,29.1904442533561,269.5729077563337,1,0,-0.2157558809931508,Not Significant,0.5328016840758275,High,WHO GHO / DHIMS2 2018-2022,Ghana DHS 2014 (spatially disaggregated),Ghana DHS 2014 (spatially disaggregated),Ghana DHS 2014 / JMP,Ghana DHS 2014 / Census 2021,2022,v1.1 | May 2026 (Guan added),5.94469995,-0.449937193103216
250,ABUAKWA SOUTH,EASTERN,Forest,261-district (Ghana 2018 administrative),165.8,46.68810257064963,44.50236826275224,78.79194189506994,51.5109346172531,85.1647442577114,26.454464562633706,83.78596983007205,0,0,-0.1979125394164067,Not Significant,0.31050897251273535,Moderate,WHO GHO / DHIMS2 2018-2022,Ghana DHS 2014 (spatially disaggregated),Ghana DHS 2014 (spatially disaggregated),Ghana DHS 2014 / JMP,Ghana DHS 2014 / Census 2021,2022,v1.1 | May 2026 (Guan added),6.1727705,-0.470361048613095
251,UPPER WEST AKIM,EASTERN,Forest,261-district (Ghana 2018 administrative),137.9,37.79396239350962,34.34585087824685,67.11787997027282,37.254716568404135,95.22601473015926,26.368492214935536,99.6176274418534,0,0,-1.0183345156637544,Not Significant,0.49502597046997465,Moderate,WHO GHO / DHIMS2 2018-2022,Ghana DHS 2014 (spatially disaggregated),Ghana DHS 2014 (spatially disaggregated),Ghana DHS 2014 / JMP,Ghana DHS 2014 / Census 2021,2022,v1.1 | May 2026 (Guan added),5.80678025,-0.540057196199224
252,WEST AKIM,EASTERN,Forest,261-district (Ghana 2018 administrative),157.9,46.42820059542685,30.93594186116633,67.37363259332659,49.162810239413986,80.30585802253205,28.52834390503635,87.82546064049498,0,0,-0.29716612693704203,Not Significant,0.46283933318454945,Moderate,WHO GHO / DHIMS2 2018-2022,Ghana DHS 2014 (spatially disaggregated),Ghana DHS 2014 (spatially disaggregated),Ghana DHS 2014 / JMP,Ghana DHS 2014 / Census 2021,2022,v1.1 | May 2026 (Guan added),5.9070609,-0.68318054757923
253,AKYEM MANSA,EASTERN,Forest,261-district (Ghana 2018 administrative),144.0,28.591307300287443,47.03240315206913,66.87147731610487,51.42326200960436,102.10231025303233,30.425165338959783,119.2734435323573,0,0,-0.5614355431424706,Not Significant,0.34238671259187425,Moderate,WHO GHO / DHIMS2 2018-2022,Ghana DHS 2014 (spatially disaggregated),Ghana DHS 2014 (spatially disaggregated),Ghana DHS 2014 / JMP,Ghana DHS 2014 / Census 2021,2022,v1.1 | May 2026 (Guan added),6.3185767287878765,-0.4532587647160633
254,ATIWA EAST,EASTERN,Forest,261-district (Ghana 2018 administrative),102.7,42.52290719714574,56.95185424687245,80.03823022447268,55.38802746508574,88.31796751548322,28.866875540458828,60.99817188766231,0,0,-1.0687047819897704,Not Significant,0.3128146328446523,Moderate,WHO GHO / DHIMS2 2018-2022,Ghana DHS 2014 (spatially disaggregated),Ghana DHS 2014 (spatially disaggregated),Ghana DHS 2014 / JMP,Ghana DHS 2014 / Census 2021,2022,v1.1 | May 2026 (Guan added),6.3954833,-0.597296233359515
255,NEW JUABEN SOUTH MUNICIPAL,EASTERN,Forest,261-district (Ghana 2018 administrative),155.1,42.539852837174465,51.646658746391815,89.91933171274371,54.37999901728389,95.02941341197395,26.599029995313977,33.966366894006214,0,0,-0.28304014818878787,Not Significant,0.23626536315181232,Very Low,WHO GHO / DHIMS2 2018-2022,Ghana DHS 2014 (spatially disaggregated),Ghana DHS 2014 (spatially disaggregated),Ghana DHS 2014 / JMP,Ghana DHS 2014 / Census 2021,2022,v1.1 | May 2026 (Guan added),6.0721368,-0.260652306105858
256,BIRIM SOUTH,EASTERN,Forest,261-district (Ghana 2018 administrative),137.6,39.70778799867492,35.99481818455053,70.16636526110301,47.09357682440908,117.7651522786032,26.26114502968218,141.8346110276417,1,0,-0.6767088717256886,Not Significant,0.5648470177869167,High,WHO GHO / DHIMS2 2018-2022,Ghana DHS 2014 (spatially disaggregated),Ghana DHS 2014 (spatially disaggregated),Ghana DHS 2014 / JMP,Ghana DHS 2014 / Census 2021,2022,v1.1 | May 2026 (Guan added),5.9375343,-1.0087951
257,ABUAKWA NORTH,EASTERN,Forest,261-district (Ghana 2018 administrative),143.1,43.37875875158381,47.36251142925756,66.51718804415466,45.453302052236644,97.06068309864895,21.05736921432603,134.343594381997,0,0,-0.5172340063835442,Not Significant,0.4978266079183608,Moderate,WHO GHO / DHIMS2 2018-2022,Ghana DHS 2014 (spatially disaggregated),Ghana DHS 2014 (spatially disaggregated),Ghana DHS 2014 / JMP,Ghana DHS 2014 / Census 2021,2022,v1.1 | May 2026 (Guan added),6.2336986,-0.382588987736012
258,AKWAPEM NORTH,EASTERN,Forest,261-district (Ghana 2018 administrative),140.9,44.09677823087955,46.76324590953098,76.25096718338988,56.49026740180163,88.98234859052963,29.408914439218965,67.96488267270965,0,0,-0.602021517018363,Not Significant,0.38598843783620734,Moderate,WHO GHO / DHIMS2 2018-2022,Ghana DHS 2014 (spatially disaggregated),Ghana DHS 2014 (spatially disaggregated),Ghana DHS 2014 / JMP,Ghana DHS 2014 / Census 2021,2022,v1.1 | May 2026 (Guan added),6.3185767287878765,-0.4532587647160633
259,FANTEAKWA SOUTH,EASTERN,Forest,261-district (Ghana 2018 administrative),152.0,39.40197879162405,21.94193590591849,68.4371661292666,64.7587357058856,107.92488258236284,28.830050096852553,394.17012137326475,1,0,-0.37244272421392827,Not Significant,0.7319815446126656,High,WHO GHO / DHIMS2 2018-2022,Ghana DHS 2014 (spatially disaggregated),Ghana DHS 2014 (spatially disaggregated),Ghana DHS 2014 / JMP,Ghana DHS 2014 / Census 2021,2022,v1.1 | May 2026 (Guan added),6.37117379999999,-0.311872167608319
260,BIRIM CENTRAL MUNICIPAL,EASTERN,Forest,261-district (Ghana 2018 administrative),149.3,42.126585513825816,40.03189379812605,70.03999011534117,55.35806455956971,115.9346369840549,27.703183928442314,40.67980233516065,0,0,-0.5244828638990964,Not Significant,0.45263789023814593,Moderate,WHO GHO / DHIMS2 2018-2022,Ghana DHS 2014 (spatially disaggregated),Ghana DHS 2014 (spatially disaggregated),Ghana DHS 2014 / JMP,Ghana DHS 2014 / Census 2021,2022,v1.1 | May 2026 (Guan added),5.97391735,-1.00480959493596
261,GUAN,OTI,Transitional Forest-Savannah,261-district (Ghana 2018 administrative),206.275,39.97033801489608,42.825507384240545,65.74872886521818,40.24026482178076,126.66286640811643,40.89483648748818,228.93691036481965,1,0,0.9117202648873236,Not Significant,0.7544905197523876,Very High,WHO GHO / DHIMS2 2018-2022,Ghana DHS 2014 (spatially disaggregated),Ghana DHS 2014 (spatially disaggregated),Ghana DHS 2014 / JMP,Ghana DHS 2014 / Census 2021,2022,v1.1 | May 2026 (Guan added),7.19092,0.60951
